date,timestamp,CNY,AED,AFN,ALL,AMD,ANG,AOA,ARS,AUD,AWG,AZN,BAM,BBD,BDT,BGN,BHD,BIF,BMD,BND,BOB,BRL,BSD,BTN,BWP,BYN,BZD,CAD,CDF,CHF,CLP,COP,CRC,CUP,CVE,CZK,DJF,DKK,DOP,DZD,EGP,ERN,ETB,EUR,FJD,FKP,FOK,GBP,GEL,GGP,GHS,GIP,GMD,GNF,GTQ,GYD,HKD,HNL,HRK,HTG,HUF,IDR,ILS,IMP,INR,IQD,IRR,ISK,JEP,JMD,JOD,JPY,KES,KGS,KHR,KID,KMF,KRW,KWD,KYD,KZT,LAK,LBP,LKR,LRD,LSL,LYD,MAD,MDL,MGA,MKD,MMK,MNT,MOP,MRU,MUR,MVR,MWK,MXN,MYR,MZN,NAD,NGN,NIO,NOK,NPR,NZD,OMR,PAB,PEN,PGK,PHP,PKR,PLN,PYG,QAR,RON,RSD,RUB,RWF,SAR,SBD,SCR,SDG,SEK,SGD,SHP,SLE,SLL,SOS,SRD,SSP,STN,SYP,SZL,THB,TJS,TMT,TND,TOP,TRY,TTD,TVD,TWD,TZS,UAH,UGX,USD,UYU,UZS,VES,VND,VUV,WST,XAF,XCD,XCG,XDR,XOF,XPF,YER,ZAR,ZMW,ZWL
2025-04-26 00:00:02,1745625602,1,0.5038,9.7527,11.9227,53.589,0.2456,127.924,161.0846,0.2147,0.2456,0.2332,0.2362,0.2744,16.6715,0.2362,0.05158,407.7379,0.1372,0.1803,0.9497,0.7798,0.1372,11.7154,1.8994,0.4225,0.2744,0.1903,396.1981,0.1137,128.1709,591.3324,69.1053,3.2926,13.3173,3.0138,24.3816,0.9011,8.1437,18.1447,6.9931,2.0579,18.2596,0.1208,0.3104,0.1031,0.9011,0.103,0.3771,0.1031,2.0318,0.1031,9.9697,1190.952,1.0556,28.6669,1.0644,3.5531,0.91,17.9015,49.088,2313.4553,0.4973,0.1031,11.7154,179.4744,5795.3689,17.5119,0.1031,21.709,0.09727,19.6834,17.7499,11.896,545.4156,0.2147,59.4174,197.2001,0.04197,0.1143,70.7549,2992.597,12278.523,41.1024,27.4121,2.5741,0.7485,1.2731,2.3637,626.8209,7.4026,483.1211,493.451,1.0963,5.4499,6.1883,2.1186,239.4602,2.6855,0.6003,8.7641,2.5741,220.4804,5.0439,1.4303,18.7446,0.2301,0.05275,0.1372,0.5038,0.5598,7.7233,38.649,0.5159,1103.1054,0.4994,0.6016,14.1649,11.3697,198.7389,0.5145,1.1406,1.9696,61.2201,1.3283,0.1803,0.1031,3.1121,3112.0774,78.3526,5.0278,624.3547,2.959,1759.5201,2.5741,4.6008,1.4768,0.4803,0.4105,0.3294,5.2738,0.9308,0.2147,4.4652,368.8948,5.7342,502.1872,0.1372,5.7618,1774.8006,11.8175,3572.8535,16.6364,0.3796,79.2232,0.3704,0.2456,0.1014,79.2232,14.4123,33.5976,2.5738,3.8494,3.6772
2025-04-27 00:00:01,1745712001,1,0.5037,9.7533,11.9226,53.5832,0.2455,127.8815,161.0404,0.2147,0.2455,0.2332,0.2361,0.2743,16.6708,0.2361,0.05157,407.7379,0.1372,0.1803,0.9497,0.7798,0.1372,11.7153,1.8983,0.4228,0.2743,0.1903,396.1981,0.1137,128.2912,591.3289,69.1059,3.2917,13.3132,3.0135,24.3749,0.9008,8.144,18.1449,6.9929,2.0573,18.2596,0.1207,0.3104,0.103,0.9008,0.103,0.3771,0.103,2.0346,0.103,9.9692,1191.3453,1.0556,28.6669,1.0643,3.5531,0.9097,17.9015,49.0712,2313.1972,0.4972,0.103,11.7153,179.4744,5800.6617,17.5082,0.103,21.7091,0.09724,19.6812,17.7508,11.8963,545.4156,0.2147,59.3995,197.1204,0.04186,0.1143,70.7393,2992.453,12275.1509,41.1028,27.4124,2.5715,0.7485,1.2731,2.3627,626.8209,7.4222,416.6437,493.0922,1.0963,5.4499,6.1845,2.1186,239.3642,2.684,0.6002,8.7637,2.5715,220.5173,5.0439,1.4303,18.7445,0.2301,0.05273,0.1372,0.5041,0.5598,7.7238,38.6378,0.5158,1103.0638,0.4992,0.6015,14.1646,11.3616,198.5105,0.5143,1.1408,1.9714,61.2201,1.3283,0.1803,0.103,3.1112,3111.2226,78.3526,5.0278,624.3547,2.9581,1759.7134,2.5715,4.5986,1.4768,0.4803,0.4105,0.3294,5.2738,0.9308,0.2147,4.4645,368.8729,5.7332,502.0896,0.1372,5.7621,1774.1546,11.8175,3572.5018,16.6364,0.3796,79.1993,0.3703,0.2455,0.1013,79.1993,14.408,33.5981,2.5716,3.8501,3.6762
2025-04-28 00:00:01,1745798401,1,0.5038,9.7625,11.9336,53.5955,0.2455,126.556,161.0605,0.2147,0.2455,0.2332,0.2362,0.2743,16.6609,0.2362,0.05158,408.3883,0.1372,0.1803,0.9497,0.7799,0.1372,11.7113,1.8934,0.4409,0.2743,0.1901,396.8302,0.1136,128.3453,579.7157,69.3662,3.2921,13.3142,3.0149,24.3779,0.9012,8.1255,18.1613,6.9874,2.0575,18.2649,0.1207,0.3099,0.1031,0.9011,0.103,0.377,0.1031,1.9907,0.1031,9.9746,1199.6906,1.0565,28.7126,1.064,3.5568,0.9098,17.9531,49.0553,2309.9368,0.4971,0.1031,11.7113,179.7607,5943.3702,17.5305,0.1031,21.747,0.09725,19.7015,17.7485,11.9601,546.2857,0.2147,59.4039,197.3732,0.04202,0.1143,70.5154,2986.1796,12276.684,41.1004,27.4421,2.5697,0.7509,1.271,2.3599,618.5882,7.4232,391.8944,492.8034,1.0959,5.4572,6.207,2.1194,238.04,2.679,0.5999,8.7347,2.5697,220.6097,5.0479,1.4298,18.7381,0.2304,0.05274,0.1372,0.5051,0.56,7.715,38.5528,0.516,1102.9255,0.4993,0.6013,14.1576,11.3341,194.8634,0.5144,1.1673,1.9876,61.3178,1.3302,0.1803,0.1031,3.1116,3111.6111,78.4776,5.0358,624.3547,2.9583,1766.7311,2.5697,4.599,1.4768,0.4803,0.4102,0.3301,5.2708,0.9314,0.2147,4.4613,368.9935,5.7345,501.0938,0.1372,5.7546,1759.6381,11.8175,3568.9437,16.6565,0.3784,79.2052,0.3704,0.2455,0.1013,79.2052,14.409,33.618,2.5692,3.8336,3.6767
2025-04-29 00:00:01,1745884801,1,0.5034,9.7466,11.9231,53.4307,0.2454,127.2856,159.4407,0.2141,0.2454,0.2329,0.2355,0.2741,16.6711,0.2356,0.05154,407.9223,0.1371,0.1798,0.9481,0.7797,0.1371,11.6671,1.8845,0.4261,0.2741,0.1899,396.3774,0.1132,128.1751,576.5162,69.2994,3.2898,13.2775,3.0077,24.361,0.8983,8.0931,18.1436,6.9754,2.0561,18.244,0.1204,0.3097,0.1025,0.8991,0.1025,0.3766,0.1025,1.9924,0.1025,9.9688,1194.2961,1.0548,28.6799,1.0637,3.5504,0.9073,17.9326,48.7825,2311.6655,0.4968,0.1025,11.6709,179.5556,5823.1768,17.5402,0.1025,21.7011,0.09719,19.6009,17.7331,11.9249,545.6623,0.2142,59.2398,197.4915,0.04196,0.1142,70.409,2980.201,12268.1507,41.05,27.3858,2.5539,0.75,1.2699,2.3579,617.8824,7.4186,391.9206,492.6334,1.0956,5.451,6.2065,2.1167,238.7867,2.682,0.5988,8.7436,2.5539,220.5148,5.0405,1.4244,18.6673,0.2301,0.0527,0.1371,0.5032,0.5604,7.7244,38.5984,0.5148,1100.6689,0.499,0.6006,14.1404,11.324,197.0415,0.514,1.1466,1.9694,61.2478,1.3232,0.1798,0.1025,3.1096,3109.4484,78.3881,5.03,624.4298,2.9501,1764.5569,2.5539,4.6068,1.4748,0.4796,0.4101,0.3295,5.2767,0.9294,0.2142,4.4528,368.6051,5.7171,501.5788,0.1371,5.7255,1768.4494,11.881,3567.1797,16.6061,0.3802,78.9865,0.3701,0.2454,0.1012,78.9865,14.3693,33.5785,2.551,3.8358,3.6751
2025-04-30 00:00:01,1745971201,1,0.5049,9.7538,11.9341,53.6077,0.2461,127.9101,160.9327,0.2149,0.2461,0.2338,0.2361,0.2749,16.7147,0.2361,0.05169,408.835,0.1375,0.1799,0.9512,0.7776,0.1375,11.714,1.8912,0.4275,0.2749,0.1903,401.0476,0.1133,129.758,578.4258,69.4509,3.2993,13.3109,3.0119,24.4314,0.9011,8.0883,18.2057,6.9895,2.0621,18.4047,0.1207,0.3107,0.1026,0.9011,0.1026,0.3781,0.1026,1.9662,0.1026,10.0002,1196.7118,1.059,28.8425,1.0669,3.5651,0.9095,17.988,48.8428,2301.1602,0.4984,0.1026,11.7141,179.9573,5841.367,17.6446,0.1026,21.7637,0.09747,19.5713,17.7709,11.9745,554.0789,0.2149,59.3892,197.2617,0.04208,0.1146,70.4455,2984.9081,12303.6191,41.1945,27.4827,2.5506,0.7522,1.2748,2.3631,619.2647,7.4561,393.1181,492.6955,1.0989,5.4674,6.196,2.1252,239.6121,2.693,0.5952,8.7732,2.5506,220.3522,5.0592,1.426,18.7424,0.2312,0.05286,0.1375,0.5042,0.5643,7.7179,38.6749,0.5158,1103.866,0.5004,0.6014,14.1609,11.2687,198.0173,0.5155,1.1514,2.0125,61.4745,1.3243,0.1799,0.1026,3.1184,3118.4379,78.5634,5.0455,633.234,2.9576,1771.0233,2.5506,4.5951,1.4783,0.4812,0.4105,0.3314,5.2974,0.9328,0.2149,4.443,369.5997,5.7147,503.0979,0.1375,5.7785,1772.1671,11.9424,3580.0471,16.6586,0.3797,79.1856,0.3712,0.2461,0.1014,79.1856,14.4055,33.7059,2.5506,3.8766,3.6858
2025-05-01 00:00:01,1746057601,1,0.5053,9.7538,11.9539,53.7189,0.2463,128.1985,161.2559,0.2152,0.2463,0.2339,0.237,0.2752,16.7143,0.237,0.05173,409.2816,0.1376,0.1797,0.9522,0.7732,0.1376,11.6569,1.8834,0.4277,0.2752,0.1901,397.6981,0.1135,130.0823,576.9933,69.5147,3.3022,13.3636,3.0212,24.4527,0.904,8.099,18.216,6.9927,2.0639,18.4652,0.1212,0.3113,0.1031,0.904,0.1031,0.3783,0.1031,1.9566,0.1031,10.0016,1196.8919,1.0592,28.874,1.0671,3.5693,0.9131,17.9846,48.9847,2286.5927,0.4989,0.1031,11.6571,180.1538,5847.2254,17.6704,0.1031,21.768,0.09755,19.6506,17.7965,12.0222,554.6842,0.2152,59.6243,195.8952,0.04213,0.1147,70.5467,2988.5644,12314.3345,41.1838,27.5054,2.5563,0.7513,1.275,2.3629,619.9412,7.443,392.7755,489.9134,1.0991,5.4663,6.1759,2.1254,239.646,2.6935,0.5938,8.7919,2.5563,220.3512,5.0612,1.4291,18.651,0.2322,0.0529,0.1376,0.5047,0.5635,7.6843,38.6474,0.5182,1104.464,0.5008,0.6025,14.1877,11.2428,198.0438,0.516,1.1708,1.9947,61.5416,1.3282,0.1797,0.1031,3.1267,3126.7326,78.6493,5.051,632.8761,2.9693,1771.2117,2.5563,4.5943,1.4589,0.4818,0.409,0.3311,5.3017,0.9316,0.2152,4.408,368.5957,5.7081,502.9355,0.1376,5.7886,1772.7662,12.0407,3575.6347,16.5743,0.3822,79.4991,0.3715,0.2463,0.1014,79.4991,14.4625,33.6733,2.5563,3.8443,3.6896
2025-05-02 00:00:01,1746144001,1,0.5049,9.7563,11.976,53.6158,0.2461,127.8262,161.1406,0.2153,0.2461,0.2338,0.2378,0.275,16.6972,0.2377,0.0517,409.4369,0.1375,0.1801,0.9514,0.7798,0.1375,11.631,1.8841,0.4286,0.275,0.1903,397.8491,0.1139,130.2075,584.6084,69.5714,3.2998,13.4043,3.0323,24.4352,0.9074,8.0985,18.2275,6.99,2.0624,18.3997,0.1216,0.3112,0.1034,0.9074,0.1034,0.3779,0.1034,1.9464,0.1034,9.9996,1198.1881,1.0589,28.8652,1.0665,3.5683,0.9159,17.9685,49.1566,2286.7616,0.4976,0.1034,11.6311,180.2222,5867.0082,17.6793,0.1034,21.8039,0.09748,19.8677,17.8094,12.0248,547.6883,0.2153,59.8057,196.5491,0.04204,0.1146,70.7515,2999.7915,12305.5303,41.2091,27.518,2.5554,0.7508,1.2758,2.3509,620.1765,7.4423,392.7573,493.459,1.0985,5.4762,6.1796,2.1248,239.5501,2.6966,0.5933,8.7702,2.5554,220.5382,5.0617,1.4335,18.6096,0.2324,0.05287,0.1375,0.504,0.5677,7.6812,38.6231,0.5207,1105.1566,0.5005,0.6041,14.242,11.2669,197.6725,0.5156,1.151,1.9618,61.4752,1.3362,0.1801,0.1034,3.1245,3124.4973,78.5326,5.0469,633.1314,2.9783,1771.6658,2.5554,4.6034,1.456,0.4813,0.4093,0.3311,5.2983,0.9322,0.2153,4.4116,368.8551,5.7112,502.9906,0.1375,5.7903,1769.3998,12.0407,3573.299,16.6485,0.3804,79.7409,0.3712,0.2461,0.1014,79.7409,14.5065,33.6738,2.5554,3.8565,3.687
2025-05-03 00:00:02,1746230402,1,0.5069,9.7501,11.9794,53.6034,0.247,129.1747,161.751,0.2142,0.247,0.2339,0.2386,0.276,16.7914,0.2384,0.05189,409.4369,0.138,0.1796,0.9518,0.7799,0.138,11.6172,1.8916,0.4184,0.276,0.1904,397.8491,0.114,130.2297,585.0809,69.5796,3.3123,13.4492,3.0412,24.5278,0.9099,8.0915,18.2197,7.0082,2.0702,18.3997,0.1219,0.3121,0.1039,0.9099,0.1039,0.3778,0.1039,1.9355,0.1039,10.0592,1201.8252,1.059,28.8652,1.0668,3.5685,0.919,17.9685,49.3364,2265.6994,0.4967,0.1039,11.6173,180.2222,5810.4422,17.721,0.1039,21.8142,0.09785,19.9798,17.8052,12.0152,547.6883,0.2142,60.0063,193.2953,0.04217,0.115,70.9772,3005.0911,12352.1481,41.3675,27.5144,2.5487,0.7508,1.2764,2.3624,620.1765,7.4707,483.4041,497.6438,1.0988,5.4762,6.1916,2.1253,241.6242,2.7112,0.5905,8.8328,2.5487,221.5118,5.0613,1.4339,18.5876,0.2316,0.05307,0.138,0.5028,0.5686,7.6753,38.918,0.5222,1107.1217,0.5024,0.6052,14.2373,11.3782,200.5348,0.5175,1.1441,1.9666,61.4752,1.3309,0.1796,0.1039,3.1364,3136.3336,78.5326,5.0469,637.9729,2.9883,1765.5158,2.5487,4.5778,1.459,0.4813,0.4132,0.3311,5.3183,0.9322,0.2142,4.257,371.9491,5.7388,506.3603,0.138,5.785,1774.1845,12.193,3604.5984,16.6485,0.3801,80.0084,0.3726,0.247,0.1017,80.0084,14.5552,33.6666,2.5417,3.8712,3.7015
2025-05-04 00:00:01,1746316801,1,0.5067,9.7503,11.9793,53.6048,0.247,129.0436,161.7139,0.2143,0.247,0.2339,0.2385,0.276,16.7901,0.2384,0.05188,409.4369,0.138,0.1797,0.9518,0.7799,0.138,11.6166,1.8924,0.4188,0.276,0.1904,397.8491,0.114,130.2301,585.0689,69.5794,3.3115,13.4442,3.0409,24.5221,0.9096,8.0917,18.2199,7.0076,2.0697,18.3997,0.1219,0.3121,0.1038,0.9096,0.1038,0.3778,0.1038,1.9356,0.1038,10.0565,1201.9631,1.059,28.8652,1.0669,3.5685,0.9187,17.9685,49.33,2265.1436,0.4967,0.1038,11.6167,180.2222,5816.093,17.7177,0.1038,21.814,0.09783,19.9729,17.8053,12.0156,547.6883,0.2143,59.9836,193.5089,0.04216,0.115,70.9695,3004.9566,12349.3139,41.3516,27.5145,2.5488,0.7508,1.2763,2.3615,620.1765,7.4956,416.9144,497.1282,1.0989,5.4762,6.2032,2.1253,241.474,2.7102,0.5904,8.829,2.5488,221.4688,5.0613,1.4344,18.5866,0.2317,0.05305,0.138,0.5029,0.5686,7.6678,38.896,0.5221,1107.0718,0.5023,0.6052,14.2382,11.3799,200.2583,0.5174,1.1443,1.9663,61.4752,1.3308,0.1797,0.1038,3.1357,3135.6139,78.5326,5.0469,637.9729,2.9872,1765.6719,2.5488,4.5778,1.459,0.4813,0.4129,0.3311,5.3189,0.9322,0.2143,4.2615,371.859,5.7385,506.1678,0.138,5.7851,1773.7354,12.193,3603.3033,16.6485,0.3801,79.9782,0.3725,0.247,0.1017,79.9782,14.5497,33.6668,2.543,3.8712,3.7006
2025-05-05 00:00:01,1746403201,1,0.5077,9.7868,11.9664,53.5515,0.2475,127.2781,162.0245,0.2139,0.2475,0.2339,0.2391,0.2765,16.7096,0.239,0.05198,409.5728,0.1382,0.1795,0.9517,0.7791,0.1382,11.6068,1.8857,0.4409,0.2765,0.191,397.9811,0.1142,130.4087,584.3544,69.4799,3.3179,13.4785,3.0487,24.5692,0.9119,8.1047,18.2372,6.9917,2.0737,18.3577,0.1223,0.3105,0.1042,0.9118,0.1042,0.3776,0.1042,1.921,0.1042,10.0115,1204.6167,1.0592,28.7763,1.0665,3.5741,0.921,17.9668,49.4545,2263.473,0.4968,0.1042,11.5991,180.2821,5959.6725,17.7751,0.1042,21.7981,0.09802,20.006,17.7902,12.0248,547.8701,0.2139,60.1369,192.7474,0.04218,0.1152,71.0366,2999.3494,12373.0317,41.2278,27.5239,2.5471,0.7509,1.2764,2.3582,611.3913,7.5074,392.954,492.728,1.0985,5.4773,6.2141,2.1254,239.0185,2.7171,0.5866,8.7999,2.5471,220.9763,5.0634,1.4397,18.5709,0.2315,0.05316,0.1382,0.5031,0.5688,7.6437,38.7195,0.5235,1106.1709,0.5032,0.6052,14.2367,11.3784,195.6692,0.5184,1.1708,1.9763,61.4956,1.3348,0.1795,0.1042,3.1417,3141.6355,78.5587,5.0474,637.9729,2.9948,1772.5755,2.5471,4.5613,1.459,0.4813,0.4114,0.3313,5.3443,0.9335,0.2139,4.2228,370.4488,5.7362,503.0752,0.1382,5.7728,1762.8686,12.193,3581.1333,16.6687,0.3829,80.1825,0.3733,0.2475,0.1017,80.1825,14.5868,33.6774,2.5458,3.8278,3.7077
2025-05-06 00:00:01,1746489601,1,0.507,9.7506,11.9463,53.5653,0.2471,128.6363,162.7058,0.2128,0.2471,0.2338,0.2385,0.2761,16.7993,0.2383,0.05191,409.3107,0.1381,0.1781,0.952,0.7778,0.1381,11.5917,1.8836,0.4264,0.2761,0.1906,397.7264,0.1136,130.1346,585.3349,69.5768,3.3135,13.4444,3.038,24.5365,0.9102,8.0933,18.2476,6.9937,2.0709,18.3619,0.1219,0.311,0.1038,0.9102,0.1038,0.3776,0.1038,1.9076,0.1038,10.0644,1204.9675,1.0592,28.7775,1.0679,3.5702,0.9187,17.9706,49.2787,2266.3695,0.497,0.1038,11.5922,180.1667,5844.1626,17.7493,0.1038,21.8223,0.09789,19.8599,17.7748,12.0181,554.7237,0.2128,59.9845,189.9883,0.04209,0.1151,71.1363,2996.4939,12356.5278,41.0815,27.5057,2.5268,0.7509,1.272,2.3611,611.0,7.4949,392.4263,491.1439,1.0999,5.478,6.2182,2.1247,241.2546,2.71,0.5779,8.8475,2.5268,221.5732,5.0627,1.4336,18.5468,0.2304,0.05308,0.1381,0.5031,0.5619,7.6488,38.9265,0.5209,1106.6377,0.5025,0.6038,14.2282,11.254,200.1761,0.5177,1.1704,2.0239,61.4563,1.3317,0.1781,0.1038,3.1375,3137.4429,78.6549,5.0472,640.2647,2.9872,1771.3221,2.5268,4.5538,1.459,0.4813,0.4128,0.3309,5.3282,0.9341,0.2128,4.0217,374.1829,5.7212,505.9851,0.1381,5.773,1770.6125,12.2037,3600.1238,16.6264,0.3811,79.9793,0.3728,0.2471,0.1016,79.9793,14.5499,33.6645,2.5247,3.8369,0.9417
2025-05-07 00:00:01,1746576001,1,0.5089,9.8526,12.0307,53.9683,0.248,129.2695,166.8074,0.2141,0.248,0.2361,0.239,0.2771,16.8605,0.239,0.0521,412.1068,0.1386,0.1787,0.9639,0.7897,0.1386,11.6914,1.8917,0.4298,0.2771,0.1913,400.4434,0.1144,130.5784,599.1154,70.3626,3.3255,13.4765,3.0563,24.6257,0.9128,8.1745,18.4277,7.0319,2.0785,18.4874,0.1223,0.3137,0.1038,0.9107,0.1039,0.3802,0.1038,1.8755,0.1038,10.0775,1206.4481,1.0711,28.9741,1.0747,3.6095,0.9209,18.1011,49.5426,2278.9757,0.501,0.1038,11.6952,181.3974,5886.6341,17.9582,0.1038,22.0603,0.09824,19.8353,17.9152,12.1054,558.5132,0.2143,60.1279,191.5148,0.04222,0.1155,71.4384,3031.0936,12401.4711,41.4011,27.8232,2.5302,0.7584,1.2846,2.3867,615.1739,7.5411,396.5369,493.1528,1.1059,5.5169,6.2555,2.149,241.5622,2.7317,0.587,8.8589,2.5302,222.7718,5.1181,1.432,18.7062,0.2314,0.05328,0.1386,0.5076,0.5679,7.7008,39.0981,0.5236,1118.6536,0.5044,0.6196,14.3818,11.2764,200.4174,0.5196,1.1639,2.0377,61.8761,1.3312,0.1788,0.1038,3.1521,3148.8562,79.1922,5.0816,638.4573,2.9944,1791.5943,2.5302,4.53,1.4699,0.4849,0.4153,0.3362,5.3652,0.948,0.2143,4.1596,374.6616,5.7436,506.9563,0.1387,5.8342,1785.1456,12.6419,3610.1036,16.8449,0.3836,80.1706,0.3741,0.248,0.1023,80.1706,14.5847,34.0406,2.5298,3.8034,0.947
2025-05-08 00:00:02,1746662402,1,0.5085,9.809,11.95,53.9182,0.2478,129.8004,159.7088,0.2139,0.2478,0.2354,0.2389,0.2769,16.8218,0.2389,0.05206,411.7282,0.1385,0.179,0.959,0.7916,0.1385,11.7269,1.8806,0.4264,0.2769,0.191,400.0755,0.114,130.0484,596.9437,70.076,3.3229,13.4699,3.0414,24.6065,0.9121,8.1482,18.3567,7.0079,2.0768,18.5918,0.1221,0.3124,0.1039,0.9124,0.1039,0.3799,0.1039,1.8573,0.1039,10.0681,1205.0677,1.0658,28.9474,1.0738,3.5981,0.9204,18.0844,49.3635,2291.252,0.4963,0.1039,11.7225,181.2308,5880.8238,17.8383,0.1039,21.9846,0.09817,19.8545,17.9021,12.0977,550.7532,0.2139,60.0986,192.8705,0.04238,0.1154,71.1762,3015.1458,12391.7936,41.4663,27.6939,2.5275,0.7556,1.2749,2.3779,614.6087,7.5197,394.7281,495.7053,1.1064,5.5147,6.273,2.1401,241.2844,2.7141,0.5866,8.8505,2.5275,222.0965,5.0969,1.4264,18.7631,0.2317,0.05324,0.1385,0.5057,0.5717,7.662,38.9453,0.5218,1113.9397,0.504,0.6218,14.2902,11.1865,200.1767,0.5192,1.1584,2.0288,61.9095,1.3313,0.1789,0.1039,3.153,3153.7872,79.1194,5.0788,637.6348,2.9929,1783.7143,2.5275,4.5252,1.4414,0.4844,0.4138,0.3329,5.3485,0.9409,0.2139,4.1933,374.2322,5.7337,506.3006,0.1384,5.7999,1781.7086,12.7229,3590.8698,16.557,0.3674,80.1314,0.3738,0.2478,0.1019,80.1314,14.5775,33.8569,2.5267,3.725,0.9455
2025-05-09 00:00:02,1746748802,1,0.5074,9.7348,11.9933,53.8133,0.2473,129.2762,154.3953,0.2153,0.2473,0.2348,0.2398,0.2763,16.7793,0.2397,0.05195,411.2816,0.1382,0.1793,0.9566,0.7929,0.1382,11.8088,1.8738,0.4247,0.2763,0.192,403.4476,0.1144,130.6624,594.3754,70.1203,3.3159,13.5191,3.0541,24.5542,0.9158,8.1164,18.3305,6.9901,2.0724,18.6288,0.1226,0.3129,0.104,0.9158,0.104,0.3791,0.104,1.836,0.104,10.0516,1203.0,1.0625,28.916,1.0739,3.5838,0.9238,18.088,49.6692,2281.8431,0.4943,0.104,11.8077,181.0342,5871.5496,17.9224,0.104,21.9125,0.09796,20.0574,17.8691,12.0728,557.3947,0.2153,60.3179,193.3579,0.04229,0.1151,71.3173,3001.8192,12365.4417,41.3523,27.6067,2.5139,0.7551,1.2748,2.3676,613.942,7.4987,392.3738,496.8403,1.1062,5.5073,6.234,2.1333,240.8935,2.7006,0.591,8.836,2.5139,221.5952,5.0798,1.4347,18.894,0.2334,0.05312,0.1382,0.5035,0.5651,7.689,38.9505,0.5227,1109.5865,0.5029,0.6265,14.3218,11.3627,199.8609,0.5181,1.1532,1.9884,61.8423,1.3383,0.1793,0.104,3.1469,3147.08,79.0336,5.0733,636.3269,3.0038,1778.3141,2.5139,4.5321,1.4544,0.4836,0.4131,0.3307,5.3446,0.9363,0.2153,4.1764,373.6244,5.7392,505.4366,0.1382,5.7676,1776.0019,12.8282,3585.6463,16.6126,0.3818,80.4238,0.373,0.2473,0.1022,80.4238,14.6307,33.78,2.5148,3.6868,0.9441
2025-05-10 00:00:02,1746835202,1,0.5071,9.7278,11.9921,53.8141,0.2472,129.0961,153.7736,0.2153,0.2472,0.2349,0.2399,0.2762,16.7768,0.2399,0.05192,411.2816,0.1381,0.1792,0.9575,0.782,0.1381,11.8007,1.8854,0.4208,0.2762,0.1923,403.4476,0.1147,129.4415,595.3364,70.176,3.3141,13.5267,3.0601,24.5414,0.9149,8.1206,18.3339,6.9914,2.0713,18.6288,0.1227,0.3133,0.1039,0.9149,0.1039,0.3791,0.1039,1.844,0.1039,10.0445,1199.698,1.0629,28.916,1.0742,3.587,0.9243,18.088,49.6878,2285.0622,0.4921,0.1039,11.8008,181.0342,5882.6787,18.0072,0.1039,21.9232,0.09791,20.059,17.849,12.0741,557.3947,0.2153,60.3519,193.1847,0.04219,0.1151,71.245,3011.9838,12359.0003,41.2942,27.6256,2.5155,0.7551,1.2752,2.3653,613.942,7.5286,482.9095,494.8084,1.1064,5.5073,6.2919,2.1349,241.228,2.6941,0.5933,8.8298,2.5155,221.2751,5.083,1.4312,18.8812,0.2339,0.05309,0.1381,0.5033,0.5649,7.6558,38.9931,0.5202,1111.7866,0.5026,0.6276,14.3202,11.4481,201.2508,0.5178,1.1479,2.0243,61.8423,1.3395,0.1792,0.1039,3.1454,3145.4405,79.0336,5.0733,635.6897,3.0055,1772.7194,2.5155,4.5492,1.4544,0.4836,0.4147,0.3307,5.3438,0.9363,0.2153,4.1685,374.0129,5.7298,505.1633,0.1381,5.7702,1775.3274,12.8592,3587.8278,16.6126,0.3817,80.4692,0.3728,0.2472,0.1023,80.4692,14.639,33.792,2.5151,3.6814,3.7063
2025-05-11 00:00:01,1746921601,1,0.5071,9.728,11.9921,53.8141,0.2472,129.0484,153.7618,0.2153,0.2472,0.2349,0.2399,0.2762,16.7782,0.2399,0.05192,411.2816,0.1381,0.1792,0.9575,0.7824,0.1381,11.8011,1.8864,0.4209,0.2762,0.1923,403.4476,0.1146,129.4314,595.3101,70.1745,3.3139,13.5273,3.0598,24.5395,0.9152,8.1204,18.3338,6.992,2.0712,18.6288,0.1227,0.3132,0.1039,0.9152,0.1039,0.3791,0.1039,1.8434,0.1039,10.0447,1200.1651,1.0629,28.916,1.0742,3.5869,0.9243,18.088,49.6691,2283.9038,0.4923,0.1039,11.8011,181.0342,5881.9614,18.0046,0.1039,21.9229,0.0979,20.0528,17.8486,12.074,557.3947,0.2153,60.3545,193.1976,0.04219,0.1151,71.2481,3011.7059,12358.0533,41.2954,27.6251,2.5146,0.7551,1.2752,2.3654,613.942,7.5624,417.2427,494.6521,1.1064,5.5073,6.2853,2.1349,241.1449,2.6903,0.5933,8.8301,2.5146,221.306,5.0829,1.4314,18.8817,0.2341,0.05309,0.1381,0.5034,0.5649,7.6574,38.9868,0.5202,1111.7264,0.5026,0.6275,14.3203,11.4403,200.986,0.5178,1.148,2.0236,61.8423,1.3396,0.1792,0.1039,3.1452,3145.1995,79.0336,5.0733,635.6897,3.0057,1772.8723,2.5146,4.5479,1.4544,0.4836,0.4145,0.3307,5.3433,0.9363,0.2153,4.1683,373.9068,5.7297,505.1258,0.1381,5.7701,1775.3709,12.8592,3587.3483,16.6126,0.3817,80.4727,0.3728,0.2472,0.1023,80.4727,14.6396,33.7917,2.5142,3.682,3.7061
2025-05-12 00:00:01,1747008001,1,0.5078,9.6992,12.067,53.815,0.2475,127.901,153.9837,0.2154,0.2475,0.2348,0.2407,0.2766,16.8015,0.2407,0.05199,411.7184,0.1383,0.1794,0.9571,0.7814,0.1383,11.8084,1.8796,0.4471,0.2766,0.1919,400.066,0.1152,129.4118,583.7638,70.1417,3.3187,13.5726,3.0689,24.5749,0.9187,8.1225,18.3766,6.9914,2.0742,18.698,0.1231,0.3136,0.104,0.9184,0.104,0.3789,0.104,1.8219,0.104,10.046,1209.2432,1.0626,28.9073,1.0754,3.5863,0.9274,18.0763,49.7307,2285.842,0.4912,0.104,11.8067,181.2265,6026.441,18.0293,0.104,21.9642,0.09804,20.1443,17.8588,12.0857,550.7403,0.2154,60.5565,193.4588,0.04236,0.1152,71.2724,3007.0589,12375.8845,41.2876,27.6225,2.5191,0.7573,1.2775,2.371,614.5942,7.5677,392.7333,496.031,1.1077,5.5053,6.3062,2.1342,239.9368,2.6902,0.5933,8.8307,2.5191,221.9853,5.0812,1.435,18.8935,0.2338,0.05317,0.1383,0.5032,0.57,7.6546,38.8815,0.5217,1111.5079,0.5033,0.6282,14.3865,11.4393,196.6302,0.5185,1.1757,1.9712,61.8178,1.3435,0.1794,0.104,3.1494,3149.7372,78.9702,5.0641,635.6897,3.0157,1780.12,2.5191,4.5663,1.4544,0.4836,0.4149,0.3325,5.3577,0.9375,0.2154,4.1691,372.4257,5.7375,504.9369,0.1383,5.7732,1768.5983,12.8592,3591.7941,16.7131,0.3831,80.7421,0.3734,0.2475,0.1023,80.7421,14.6886,33.7761,2.5185,3.6409,3.711
2025-05-13 00:00:02,1747094402,1,0.5095,9.74,12.1764,53.9033,0.2483,130.68,156.224,0.2172,0.2483,0.2357,0.2443,0.2775,16.8628,0.2443,0.05217,412.4369,0.1387,0.181,0.9607,0.7875,0.1387,11.7738,1.9029,0.4338,0.2775,0.194,400.7642,0.117,129.8131,585.3522,70.3817,3.3298,13.7732,3.123,24.6574,0.9328,8.1561,18.4945,7.0123,2.0811,18.7306,0.125,0.3151,0.1052,0.932,0.1053,0.3799,0.1052,1.8035,0.1052,10.0789,1207.2838,1.0671,28.9577,1.0812,3.6016,0.9411,18.1001,50.7073,2295.1182,0.494,0.1052,11.785,181.5427,5929.1026,18.2765,0.1052,22.0348,0.09837,20.5581,17.9341,12.1094,551.7013,0.2171,61.4519,196.7933,0.04214,0.1156,71.2541,3020.4051,12417.446,41.3384,27.7312,2.5346,0.7584,1.2878,2.3807,615.6667,7.5928,394.4018,493.4659,1.1129,5.5127,6.339,2.1426,241.734,2.7212,0.5965,8.8436,2.5346,222.5583,5.1028,1.4505,18.8381,0.2364,0.05335,0.1387,0.5069,0.5725,7.725,39.0665,0.5302,1115.1943,0.505,0.6348,14.5178,11.2405,201.3517,0.5203,1.1796,1.9909,61.8355,1.3624,0.1811,0.1052,3.1618,3160.2777,79.108,5.0711,638.9185,3.0603,1787.956,2.5346,4.6398,1.4603,0.4836,0.4195,0.3349,5.3868,0.9436,0.2171,4.2155,374.9455,5.7588,507.1024,0.1388,5.7962,1780.8459,12.9242,3607.6682,16.6807,0.3847,81.9358,0.3746,0.2483,0.1034,81.9358,14.9058,33.9082,2.5359,3.6637,3.7269
2025-05-14 00:00:02,1747180802,1,0.5102,9.7298,12.2923,53.9484,0.2487,129.8669,156.3888,0.2163,0.2487,0.2362,0.2439,0.2779,16.8793,0.2439,0.05224,415.2039,0.1389,0.181,0.9619,0.7869,0.1389,11.8485,1.9072,0.4266,0.2779,0.194,403.4528,0.1168,131.4945,586.3025,70.6021,3.3343,13.749,3.1074,24.6907,0.9288,8.1661,18.5901,7.0111,2.0839,18.4974,0.1247,0.3161,0.1048,0.9293,0.1048,0.381,0.1048,1.7756,0.1048,10.1031,1210.9174,1.0689,29.0925,1.0828,3.6115,0.9395,18.1828,50.4289,2292.9336,0.4962,0.1048,11.8456,181.983,5909.2892,18.3376,0.1048,22.1025,0.0985,20.5264,17.9463,12.1383,555.4026,0.2165,61.3437,197.2007,0.04267,0.1158,70.6079,3027.1926,12434.1919,41.532,27.7859,2.5456,0.7639,1.2968,2.4047,628.9118,7.7128,394.9459,493.2357,1.1155,5.5132,6.4147,2.1476,242.4852,2.7069,0.6006,8.8813,2.5456,222.472,5.1126,1.4431,18.9576,0.2359,0.05342,0.1389,0.5077,0.5751,7.7477,39.1464,0.5292,1117.8242,0.5057,0.6379,14.6602,11.1459,201.182,0.521,1.1635,1.9753,62.1599,1.3527,0.181,0.1048,3.164,3164.577,79.4907,5.0973,639.1851,3.0549,1793.3576,2.5456,4.6233,1.4619,0.4861,0.4215,0.3345,5.3898,0.9423,0.2165,4.2305,376.1116,5.7608,508.6034,0.1389,5.8011,1792.5236,12.9972,3607.5014,16.6847,0.3869,81.7915,0.3751,0.2487,0.1035,81.7915,14.8796,33.9726,2.5451,3.6839,3.7304
2025-05-15 00:00:02,1747267202,1,0.5092,9.7569,12.1847,53.811,0.2482,130.2566,156.6657,0.2146,0.2482,0.2361,0.2423,0.2773,16.8486,0.2422,0.05214,413.4563,0.1387,0.1803,0.9621,0.7786,0.1387,11.8454,1.891,0.4274,0.2773,0.1936,401.7547,0.1164,130.5503,585.1606,70.5411,3.3279,13.6578,3.0878,24.6433,0.9245,8.1708,18.5147,6.9915,2.0799,18.7521,0.1239,0.3142,0.1043,0.9245,0.1043,0.3804,0.1043,1.7402,0.1043,10.0855,1208.4878,1.0677,28.9898,1.0829,3.6082,0.9333,18.1294,49.9783,2299.2932,0.4928,0.1043,11.8471,181.217,5900.0914,17.9562,0.1043,22.1161,0.09831,20.3221,17.9265,12.1218,553.0649,0.2146,60.937,194.5022,0.04237,0.1156,70.5291,3026.1995,12410.3462,41.4877,27.7867,2.5297,0.7646,1.2901,2.4101,617.1884,7.6423,394.7154,500.0398,1.1154,5.5213,6.4026,2.1463,241.9985,2.6884,0.5957,8.8655,2.5297,222.358,5.1101,1.4361,18.9527,0.2341,0.05332,0.1387,0.5094,0.5699,7.7479,39.085,0.5246,1116.6452,0.5047,0.6311,14.5002,11.1509,200.7755,0.52,1.1827,2.038,61.9884,1.3474,0.1803,0.1043,3.1545,3154.3192,79.1561,5.0849,638.7683,3.0347,1791.9337,2.5297,4.6228,1.4612,0.4858,0.4187,0.3355,5.3865,0.9442,0.2146,4.2082,375.3392,5.7646,507.1226,0.1387,5.8037,1793.3154,13.0699,3600.0023,16.7471,0.3835,81.2493,0.3744,0.2482,0.1026,81.2493,14.7809,33.9594,2.5298,3.6882,3.7249
2025-05-16 00:00:01,1747353601,1,0.5095,9.7473,12.1855,53.7154,0.2483,130.3074,157.5404,0.2164,0.2483,0.2359,0.2425,0.2775,16.8672,0.2425,0.05217,413.7573,0.1387,0.1801,0.9601,0.7812,0.1387,11.8639,1.8895,0.4277,0.2775,0.1938,402.0472,0.1161,130.6739,583.4271,70.3973,3.3298,13.6695,3.0905,24.6572,0.925,8.1637,18.484,6.9604,2.0811,18.7657,0.124,0.3154,0.1044,0.925,0.1044,0.3803,0.1044,1.7205,0.1044,10.086,1208.6207,1.0662,29.0109,1.083,3.6043,0.934,18.1272,49.9845,2288.3975,0.4916,0.1044,11.8651,181.3489,5898.516,17.939,0.1044,22.074,0.09837,20.223,17.9403,12.1184,553.4675,0.2164,60.989,193.7447,0.04238,0.1156,70.8991,3025.1621,12417.3189,41.4194,27.7639,2.5056,0.7651,1.2889,2.4068,617.6377,7.6228,394.3682,497.8582,1.1155,5.5253,6.3673,2.1448,242.0071,2.6977,0.5942,8.866,2.5056,222.1207,5.104,1.4453,18.9823,0.2359,0.05335,0.1387,0.5103,0.5696,7.7362,39.0984,0.5262,1116.2887,0.505,0.6325,14.5221,11.1287,200.7719,0.5203,1.1618,2.0225,62.0335,1.351,0.1801,0.1044,3.1561,3156.0905,79.2138,5.0422,638.57,3.0373,1790.039,2.5056,4.6196,1.4441,0.4855,0.4189,0.3345,5.3843,0.9429,0.2164,4.1875,375.353,5.7535,507.1109,0.1387,5.7819,1792.2755,13.0891,3598.5198,16.6948,0.3846,81.3186,0.3746,0.2483,0.1027,81.3186,14.7935,33.917,2.5055,3.7002,3.7271
2025-05-17 00:00:02,1747440002,1,0.5093,9.7343,12.1846,53.6584,0.2483,130.2181,158.962,0.2164,0.2483,0.236,0.2428,0.2774,16.8552,0.2427,0.05215,413.7573,0.1387,0.1802,0.9602,0.7886,0.1387,11.8697,1.8844,0.4199,0.2774,0.1938,402.0472,0.1162,130.4498,583.5829,70.3667,3.3286,13.6871,3.0915,24.6481,0.9265,8.1619,18.4691,6.9552,2.0803,18.7657,0.1241,0.3153,0.1044,0.9265,0.1044,0.3803,0.1044,1.718,0.1044,10.0865,1205.5213,1.0659,29.0109,1.084,3.6053,0.9353,18.1272,49.9914,2281.3093,0.493,0.1044,11.8697,181.3489,5865.1928,18.0771,0.1044,22.0868,0.09833,20.2133,17.9391,12.1214,553.4675,0.2164,61.0676,193.9752,0.04256,0.1156,70.8222,3033.1828,12412.732,41.4711,27.7561,2.5052,0.7651,1.2888,2.4165,617.6377,7.6346,484.142,497.6169,1.1165,5.5253,6.3621,2.1445,242.4001,2.7028,0.5953,8.8666,2.5052,222.0507,5.1037,1.4422,18.9915,0.2356,0.05333,0.1387,0.5117,0.5686,7.735,39.0662,0.5284,1118.4992,0.5048,0.6329,14.5332,11.1752,202.2183,0.5201,1.1544,1.9871,62.0335,1.3556,0.1802,0.1044,3.1549,3154.925,79.2138,5.0422,638.5574,3.0412,1783.9604,2.5052,4.631,1.4448,0.4857,0.4188,0.3345,5.3876,0.9429,0.2164,4.1886,375.8316,5.7603,507.5195,0.1387,5.7801,1793.1657,13.146,3595.8774,16.6948,0.3842,81.4235,0.3745,0.2483,0.1028,81.4235,14.8126,33.9,2.5052,3.7277,3.7265
2025-05-18 00:00:01,1747526401,1,0.5093,9.7346,12.1846,53.6624,0.2482,130.1406,158.9546,0.2163,0.2482,0.236,0.2428,0.2774,16.856,0.2427,0.05214,413.7573,0.1387,0.1802,0.9602,0.7887,0.1387,11.8707,1.8846,0.4203,0.2774,0.1937,402.0472,0.1161,130.4477,583.579,70.3674,3.3284,13.6858,3.0917,24.6469,0.9261,8.162,18.4695,6.9556,2.0802,18.7657,0.1241,0.3153,0.1044,0.9261,0.1044,0.3803,0.1044,1.718,0.1044,10.0863,1206.0617,1.0659,29.0109,1.084,3.6053,0.9352,18.1272,50.0032,2281.7575,0.493,0.1044,11.8707,181.3489,5871.0765,18.0756,0.1044,22.0865,0.09833,20.1978,17.9406,12.1216,553.4675,0.2163,61.0618,193.9288,0.04254,0.1156,70.8131,3032.9792,12412.1518,41.4671,27.7563,2.5048,0.7651,1.2888,2.4155,617.6377,7.6302,418.4362,497.4702,1.1165,5.5253,6.3594,2.1445,242.3275,2.7017,0.5953,8.8664,2.5048,222.053,5.1037,1.4427,18.9931,0.2355,0.05332,0.1387,0.5114,0.5686,7.7334,39.0675,0.5283,1118.4431,0.5048,0.6329,14.5328,11.1762,201.9583,0.5201,1.1546,1.9889,62.0335,1.3556,0.1802,0.1044,3.1548,3154.7775,79.2138,5.0422,638.5574,3.0409,1784.1147,2.5048,4.629,1.4448,0.4857,0.4188,0.3345,5.3881,0.9429,0.2163,4.1881,375.7424,5.7604,507.5117,0.1387,5.7802,1792.7064,13.146,3596.2581,16.6948,0.3843,81.4157,0.3744,0.2482,0.1028,81.4157,14.8112,33.9004,2.5048,3.7261,3.7264
2025-05-19 00:00:01,1747612801,1,0.5098,9.7219,12.1828,53.6202,0.2485,128.171,159.1195,0.2164,0.2485,0.2359,0.2427,0.2777,16.8541,0.2427,0.0522,413.8252,0.1388,0.1803,0.9599,0.7889,0.1388,11.8708,1.8777,0.4439,0.2777,0.1935,402.1132,0.116,130.699,583.443,70.282,3.3319,13.6851,3.0891,24.6725,0.9255,8.1664,18.5004,6.9555,2.0824,18.6784,0.124,0.3152,0.1044,0.9261,0.1044,0.38,0.1044,1.7078,0.1044,10.0844,1215.3075,1.0655,29.0157,1.0841,3.6064,0.9351,18.1456,49.9843,2281.914,0.493,0.1044,11.8621,181.3787,6019.7779,18.1111,0.1044,22.0667,0.09843,20.1641,17.9303,12.1296,553.5584,0.2167,61.0585,194.0179,0.04262,0.1157,70.61,3023.301,12425.0252,41.4825,27.7468,2.5082,0.7653,1.2894,2.3999,626.8235,7.6316,394.705,497.4613,1.118,5.522,6.3838,2.1442,241.1418,2.7012,0.596,8.83,2.5082,221.5337,5.1044,1.4405,18.9934,0.2356,0.05338,0.1388,0.5116,0.5744,7.741,39.065,0.53,1115.4827,0.5053,0.6329,14.5496,11.2275,197.6172,0.5206,1.1809,2.0055,62.0437,1.3524,0.1802,0.1044,3.1559,3158.0498,79.2268,5.1188,638.5574,3.0407,1789.4106,2.5082,4.6302,1.4448,0.4857,0.4181,0.3341,5.3944,0.941,0.2167,4.1884,374.2961,5.7601,507.4514,0.1387,5.7801,1781.3337,13.146,3595.5947,16.7998,0.3862,81.4113,0.3748,0.2485,0.1028,81.4113,14.8104,33.9002,2.5052,3.7298,3.7277
2025-05-20 00:00:01,1747699201,1,0.5091,9.7494,12.1478,53.548,0.2481,129.6548,157.2384,0.2151,0.2481,0.2359,0.2413,0.2773,16.8368,0.2412,0.05212,413.3398,0.1386,0.1796,0.9611,0.7855,0.1386,11.8445,1.8765,0.4276,0.2773,0.1935,401.6415,0.1157,131.059,583.3494,70.3165,3.3271,13.603,3.0688,24.637,0.9204,8.1791,18.4646,6.9388,2.0794,18.6646,0.1234,0.3147,0.1038,0.9204,0.1038,0.3798,0.1038,1.7047,0.1038,10.074,1207.1596,1.0662,29.0014,1.0841,3.6129,0.9295,18.132,49.5884,2279.35,0.4917,0.1038,11.841,181.9402,5895.4988,17.9641,0.1038,22.1325,0.09829,20.0978,17.9056,12.1132,552.9091,0.2151,60.6922,192.7146,0.04233,0.1155,70.8173,3025.0295,12407.1707,41.5357,27.7678,2.5054,0.7646,1.2878,2.411,626.0882,7.6239,395.4584,494.313,1.1167,5.5169,6.3681,2.1464,241.6992,2.6863,0.5951,8.8454,2.5054,222.4752,5.1094,1.4295,18.9513,0.2345,0.0533,0.1386,0.5121,0.5765,7.7304,39.053,0.525,1116.5221,0.5046,0.6205,14.4772,11.1747,200.916,0.5199,1.1819,2.0316,61.9709,1.3438,0.1795,0.1038,3.1532,3153.5111,79.2812,5.1146,640.4117,3.0225,1790.4909,2.5054,4.587,1.4416,0.4854,0.4173,0.334,5.3889,0.9442,0.2151,4.1826,374.8742,5.7649,506.6952,0.1386,5.793,1786.3322,13.1416,3597.6087,16.8468,0.3868,80.9229,0.3743,0.2481,0.1024,80.9229,14.7215,33.9111,2.5052,3.7342,3.7249
2025-05-21 00:00:02,1747785602,1,0.5087,9.7114,12.0643,53.3637,0.2479,129.7845,158.1804,0.2159,0.2479,0.2354,0.2406,0.277,16.8651,0.2406,0.05208,412.7282,0.1385,0.1795,0.9601,0.7825,0.1385,11.8452,1.8718,0.4263,0.277,0.193,401.0472,0.1152,129.9086,575.7127,70.0446,3.3243,13.563,3.0635,24.6164,0.9172,8.1586,18.4002,6.9129,2.0777,18.7935,0.123,0.3142,0.1036,0.9174,0.1036,0.3794,0.1036,1.6801,0.1036,10.0713,1206.3121,1.063,28.9782,1.0843,3.6032,0.9268,18.1284,49.4929,2273.6152,0.4895,0.1036,11.8481,181.6709,5887.6026,17.9447,0.1036,22.0486,0.0982,20.0268,17.8977,12.1104,552.0909,0.2159,60.5139,193.1082,0.04245,0.1154,70.8442,3019.68,12396.7969,41.5606,27.6866,2.4895,0.7606,1.2806,2.4113,625.1618,7.5783,394.6139,495.2632,1.1169,5.5137,6.3459,2.1396,241.5155,2.6698,0.5953,8.841,2.4895,221.3435,5.0967,1.4245,18.9523,0.2342,0.05326,0.1385,0.5113,0.5707,7.7153,39.0567,0.522,1113.6239,0.5042,0.6248,14.4297,11.1714,200.375,0.5194,1.1782,1.9885,61.8792,1.3385,0.1794,0.1036,3.1506,3150.8747,79.1639,5.0626,640.27,3.0136,1784.1981,2.4895,4.5755,1.4356,0.4848,0.416,0.3332,5.3836,0.9403,0.2159,4.1795,374.5889,5.7454,506.1508,0.1385,5.7982,1780.7854,13.1399,3597.0248,16.7797,0.3827,80.6853,0.374,0.2479,0.1024,80.6853,14.6783,33.7766,2.4894,3.7489,3.7227
2025-05-22 00:00:02,1747872002,1,0.5099,9.685,12.009,53.4341,0.2485,129.3695,158.9736,0.2154,0.2485,0.236,0.2398,0.2777,16.8822,0.2398,0.0522,413.0583,0.1388,0.1791,0.9604,0.7867,0.1388,11.8804,1.8778,0.4276,0.2777,0.1926,401.3679,0.1146,131.0014,581.0268,70.3015,3.3322,13.5209,3.0517,24.6751,0.9146,8.1766,18.4003,6.9228,2.0826,18.6847,0.1226,0.3142,0.1035,0.9147,0.1035,0.3802,0.1035,1.6526,0.1035,10.0946,1208.3532,1.0651,29.1205,1.0868,3.6106,0.9239,18.1583,49.3543,2277.6709,0.4933,0.1035,11.8804,181.8162,5898.9012,17.7408,0.1035,22.0792,0.09844,19.9643,17.9307,12.138,552.5325,0.2154,60.326,191.3856,0.04232,0.1157,70.7739,3015.1229,12426.3175,41.614,27.7457,2.491,0.7605,1.2807,2.4108,616.5942,7.5772,395.4436,493.5453,1.1194,5.5246,6.3495,2.1457,241.9262,2.6873,0.5926,8.8608,2.491,221.0903,5.1043,1.4117,19.0086,0.2337,0.05338,0.1388,0.5111,0.5741,7.7219,39.1281,0.5201,1113.5514,0.5054,0.6215,14.358,11.0924,200.7181,0.5207,1.1815,1.983,62.019,1.3296,0.1791,0.1035,3.1685,3168.7549,79.2272,5.0818,641.7899,3.0042,1788.2394,2.491,4.5463,1.4391,0.486,0.4146,0.3345,5.3969,0.9417,0.2154,4.1701,375.2255,5.7519,506.8516,0.1388,5.7845,1785.2938,13.187,3602.9874,16.8447,0.3743,80.4347,0.3749,0.2485,0.1022,80.4347,14.6327,33.8577,2.491,3.7734,3.7328
2025-05-23 00:00:01,1747958401,1,0.5099,9.707,12.0258,53.4166,0.2485,129.7584,158.7907,0.2162,0.2485,0.2359,0.2404,0.2777,16.9095,0.2404,0.05221,413.2816,0.1389,0.1793,0.9607,0.7834,0.1389,11.9379,1.8801,0.4264,0.2777,0.1924,401.5849,0.1149,130.9472,581.0775,70.5117,3.3325,13.5559,3.0625,24.6773,0.9172,8.187,18.3854,6.9237,2.0828,18.8104,0.1229,0.3146,0.1035,0.9176,0.1034,0.3798,0.1035,1.6253,0.1035,10.0964,1208.3356,1.065,29.0368,1.0863,3.6117,0.9263,18.1604,49.5757,2266.0136,0.4983,0.1035,11.9343,181.9145,5898.1361,17.7387,0.1035,22.0611,0.09845,19.9517,17.9381,12.1362,552.8312,0.2162,60.4822,191.8384,0.04251,0.1157,70.468,3016.5971,12427.4364,41.5707,27.7509,2.499,0.7581,1.2807,2.4019,616.9275,7.5558,395.6295,492.6535,1.1193,5.5233,6.3352,2.1449,241.9214,2.6855,0.5929,8.8606,2.499,220.4303,5.1058,1.4154,19.1006,0.2352,0.05339,0.1389,0.5091,0.5685,7.7337,39.1224,0.5222,1114.7089,0.5054,0.6215,14.3913,11.0585,200.7123,0.5207,1.1809,2.0352,62.0525,1.3357,0.1793,0.1035,3.1681,3168.6656,79.27,5.1016,641.5074,3.012,1787.5176,2.499,4.5529,1.4385,0.4857,0.4142,0.334,5.4128,0.9423,0.2162,4.1722,376.6394,5.7591,506.7631,0.1388,5.7774,1786.0998,13.1897,3607.313,16.8181,0.3833,80.6429,0.3749,0.2485,0.1024,80.6429,14.6706,33.8399,2.4983,3.7817,3.7331
2025-05-24 00:00:01,1748044801,1,0.5114,9.7073,12.0211,53.4952,0.2493,129.9455,158.3289,0.2155,0.2493,0.2365,0.2402,0.2785,16.927,0.2403,0.05236,413.2816,0.1393,0.1791,0.9616,0.7946,0.1393,11.8742,1.8815,0.4208,0.2785,0.1918,401.5849,0.1146,131.1457,581.9426,70.5464,3.342,13.5415,3.0542,24.7479,0.9163,8.19,18.3831,6.944,2.0888,18.8104,0.1228,0.3149,0.1031,0.9163,0.1031,0.3806,0.1031,1.5229,0.1031,10.1245,1209.059,1.0653,29.0368,1.0901,3.6123,0.9253,18.1604,49.5544,2258.2402,0.5013,0.1031,11.8742,181.9145,5888.5234,17.8158,0.1031,22.0589,0.09873,19.8816,17.9372,12.0465,552.8312,0.2155,60.418,190.7374,0.04214,0.116,70.7389,3026.7348,12463.0071,41.6445,27.758,2.494,0.7581,1.2808,2.4109,616.9275,7.5855,485.2059,500.6565,1.1228,5.5233,6.3284,2.1454,243.0718,2.6877,0.5892,8.8814,2.494,220.5881,5.1069,1.4097,18.9988,0.2339,0.05354,0.1393,0.5096,0.5685,7.7118,39.2648,0.5229,1117.0353,0.5069,0.6218,14.3825,11.0818,202.7932,0.5222,1.1816,2.063,62.0525,1.3293,0.1791,0.1031,3.1778,3177.8192,79.27,5.1016,643.8606,3.0088,1781.6606,2.494,4.5286,1.4875,0.4873,0.4138,0.334,5.4278,0.9423,0.2155,4.1727,377.6648,5.7676,507.8578,0.1393,5.7761,1789.1776,13.2427,3619.082,16.8181,0.3832,80.5573,0.376,0.2493,0.1024,80.5573,14.655,33.8504,2.4899,3.8137,3.7453
2025-05-25 00:00:01,1748131201,1,0.5113,9.7073,12.0212,53.4891,0.2492,129.8919,158.3064,0.2157,0.2492,0.2365,0.2402,0.2785,16.9337,0.2403,0.05235,413.2816,0.1392,0.1792,0.9615,0.795,0.1392,11.8774,1.8819,0.4212,0.2785,0.1918,401.5849,0.1146,131.1472,581.9189,70.5454,3.3416,13.5438,3.055,24.7444,0.9164,8.1899,18.3832,6.9431,2.0885,18.8104,0.1228,0.3149,0.1032,0.9164,0.1032,0.3805,0.1032,1.5283,0.1032,10.1232,1209.3736,1.0653,29.0368,1.09,3.6123,0.9255,18.1604,49.5523,2258.917,0.5015,0.1032,11.8774,181.9145,5892.8088,17.8122,0.1032,22.059,0.09872,19.8826,17.9372,12.0532,552.8312,0.2157,60.428,190.8321,0.04221,0.116,70.6999,3026.4576,12461.2308,41.6376,27.7578,2.4934,0.7581,1.2808,2.4098,616.9275,7.5926,419.2442,500.2581,1.1226,5.5233,6.3249,2.1454,242.9588,2.6874,0.5892,8.881,2.4934,220.5921,5.1068,1.4096,19.0038,0.2342,0.05353,0.1392,0.5097,0.5685,7.7091,39.261,0.5228,1116.9717,0.5068,0.6219,14.3821,11.0806,202.5024,0.5221,1.1815,2.0606,62.0525,1.3294,0.1792,0.1032,3.1774,3177.3663,79.27,5.1016,643.8606,3.0093,1781.8208,2.4934,4.5259,1.4851,0.4873,0.4138,0.334,5.4268,0.9423,0.2157,4.1724,377.6228,5.7677,507.8097,0.1392,5.7761,1788.7165,13.2427,3617.7121,16.8181,0.3832,80.5707,0.3759,0.2492,0.1024,80.5707,14.6575,33.8501,2.4896,3.8119,3.7448
2025-05-26 00:00:02,1748217602,1,0.511,9.7533,12.0803,53.5294,0.2491,128.4334,158.2115,0.2159,0.2491,0.2371,0.2399,0.2783,16.945,0.2399,0.05232,414.2718,0.1391,0.1789,0.9656,0.7895,0.1391,11.8784,1.8789,0.4489,0.2783,0.1915,402.5472,0.1146,131.2597,579.831,70.823,3.3396,13.5252,3.0494,24.7296,0.9146,8.2352,18.4562,6.9517,2.0872,18.9308,0.1226,0.3146,0.103,0.9132,0.103,0.381,0.103,1.4774,0.103,10.1311,1217.2277,1.0704,29.186,1.0908,3.6299,0.9242,18.2039,49.5109,2256.8025,0.5022,0.103,11.87,182.3504,6044.7197,17.7834,0.103,22.1816,0.09866,19.8975,18.0228,12.1502,554.1558,0.2155,60.3453,190.7585,0.04235,0.116,71.3783,3030.4295,12453.7613,41.757,27.8915,2.4869,0.7608,1.2828,2.4141,627.5,7.5968,395.2316,500.8072,1.1209,5.5387,6.3685,2.1562,241.5096,2.6796,0.5894,8.8638,2.4869,221.5159,5.1322,1.4088,19.0055,0.2343,0.0535,0.1391,0.5106,0.5716,7.7028,39.449,0.5207,1118.9179,0.5065,0.6217,14.3952,11.0791,197.9157,0.5218,1.1885,2.0427,62.292,1.3266,0.1791,0.103,3.1795,3175.4605,79.6082,5.164,643.8606,3.0052,1796.1862,2.4869,4.5327,1.4858,0.4873,0.416,0.3365,5.4384,0.9495,0.2155,4.1781,374.8671,5.7785,508.0116,0.1393,5.802,1780.9113,13.2427,3618.3694,16.9446,0.3815,80.4604,0.3757,0.2491,0.1024,80.4604,14.6374,34.0074,2.4851,3.8438,3.7474
2025-05-27 00:00:01,1748304001,1,0.5113,9.7193,12.0481,53.553,0.2492,130.4462,158.6964,0.2142,0.2492,0.2367,0.2392,0.2785,16.9433,0.2392,0.05235,414.466,0.1392,0.1787,0.9611,0.7871,0.1392,11.8459,1.8769,0.4511,0.2785,0.1911,402.7358,0.1143,130.8417,577.2556,70.6903,3.3415,13.4839,3.0416,24.7438,0.9123,8.1979,18.4107,6.9376,2.0884,18.9481,0.1223,0.3133,0.1026,0.9123,0.1027,0.3813,0.1026,1.4792,0.1026,10.1363,1212.2709,1.0682,29.1997,1.0909,3.6229,0.9214,18.228,49.3367,2253.9013,0.4964,0.1026,11.8459,182.4359,6070.4745,17.6999,0.1026,22.1138,0.09871,19.8727,18.0105,12.1778,554.4156,0.2142,60.161,190.7401,0.04238,0.116,71.205,3023.6292,12460.9178,41.7132,27.8376,2.4855,0.7616,1.2808,2.4052,618.6957,7.5904,395.4677,501.3819,1.1236,5.5442,6.3044,2.1529,242.7024,2.6773,0.5873,8.894,2.4855,221.0475,5.1214,1.4055,18.9535,0.2321,0.05353,0.1392,0.5088,0.5704,7.7119,39.2857,0.5191,1115.4339,0.5068,0.6189,14.3568,11.108,202.1486,0.5221,1.1868,2.0019,62.3212,1.3244,0.1787,0.1026,3.1773,3177.2863,79.6455,5.1689,643.754,2.996,1792.9299,2.4855,4.5351,1.4769,0.4873,0.4152,0.335,5.4298,0.9443,0.2142,4.1702,376.429,5.7859,508.1606,0.1392,5.7792,1780.2387,13.2534,3607.6756,16.8729,0.3834,80.2146,0.3759,0.2492,0.1017,80.2146,14.5927,33.9555,2.4848,3.8568,3.7447
2025-05-28 00:00:02,1748390402,1,0.5106,9.7113,11.9925,53.5128,0.2489,130.5201,159.605,0.2156,0.2489,0.2363,0.2397,0.2781,16.9635,0.2396,0.05227,413.5728,0.139,0.179,0.9615,0.787,0.139,11.8667,1.8781,0.4328,0.2781,0.1917,401.8679,0.1148,130.7275,575.951,70.6647,3.3367,13.5118,3.0534,24.7083,0.9145,8.1848,18.3459,6.9267,2.0854,18.9072,0.1225,0.314,0.1028,0.9142,0.1028,0.3804,0.1028,1.4409,0.1028,10.1186,1210.1628,1.0659,29.1368,1.0897,3.6178,0.9233,18.1732,49.5174,2259.5887,0.4918,0.1028,11.8663,182.0427,5942.6448,17.6346,0.1028,22.0878,0.09857,20.0307,17.9728,12.054,560.5,0.2155,60.2852,190.9665,0.04254,0.1159,71.1733,3018.85,12443.0689,41.6414,27.7887,2.4891,0.7599,1.2799,2.3983,635.791,7.5345,394.8577,491.7961,1.1223,5.5322,6.3266,2.1485,242.2812,2.6786,0.5894,8.8785,2.4891,220.2767,5.112,1.4102,18.9867,0.2335,0.05346,0.139,0.5071,0.5741,7.7169,39.307,0.5207,1114.2029,0.5061,0.6199,14.3393,11.1368,201.7983,0.5214,1.1841,2.0229,62.1869,1.3351,0.179,0.1028,3.173,3172.7353,79.4739,5.0979,642.8379,3.0022,1789.2963,2.4891,4.5515,1.4439,0.4864,0.4136,0.3344,5.4291,0.9437,0.2155,4.1663,375.7759,5.7923,507.2776,0.139,5.7798,1784.096,13.3181,3605.599,16.8098,0.3837,80.3803,0.3754,0.2489,0.1019,80.3803,14.6228,33.8897,2.4919,3.8024,3.7403
2025-05-29 00:00:02,1748476802,1,0.5107,9.6508,12.066,53.5131,0.2489,129.6389,161.464,0.2161,0.2489,0.2363,0.2406,0.2781,16.9682,0.2406,0.05229,413.7282,0.1391,0.1793,0.9614,0.7857,0.1391,11.8685,1.8736,0.4341,0.2781,0.1923,402.0189,0.1151,130.4085,569.9991,70.6851,3.3378,13.5642,3.0672,24.7162,0.9177,8.201,18.363,6.9157,2.0861,18.9987,0.1231,0.3147,0.1032,0.9176,0.1032,0.3801,0.1032,1.4564,0.1032,10.1118,1210.232,1.0672,29.1079,1.0894,3.62,0.9269,18.1645,49.619,2263.5134,0.4909,0.1032,11.8683,182.1111,5946.4658,17.689,0.1032,22.1255,0.0986,20.114,17.9671,12.1456,553.4286,0.2161,60.5191,191.0123,0.0426,0.1159,71.0847,3022.5911,12447.0496,41.6351,27.7972,2.4924,0.757,1.2866,2.3995,626.6765,7.5526,395.6113,501.7072,1.1224,5.525,6.3525,2.1488,242.2619,2.6848,0.5874,8.8717,2.4924,220.4996,5.1148,1.4143,18.9897,0.2334,0.05347,0.1391,0.5066,0.5768,7.7125,39.2541,0.5218,1116.5418,0.5062,0.6204,14.3932,11.0884,200.9865,0.5215,1.1847,2.0363,62.1195,1.3397,0.1794,0.1032,3.1606,3161.2139,79.3557,5.0913,656.6343,3.0139,1791.0418,2.4924,4.5415,1.4305,0.4866,0.4161,0.3349,5.4356,0.9449,0.2161,4.1553,375.7473,5.7868,506.7744,0.139,5.7768,1784.4306,13.4182,3605.9807,16.8098,0.3852,80.6921,0.3755,0.2489,0.1027,80.6921,14.6795,33.8955,2.4913,3.7275,3.7407
2025-05-30 00:00:01,1748563201,1,0.5108,9.6343,12.1331,53.4505,0.249,130.1249,163.374,0.216,0.249,0.2363,0.2403,0.2782,16.9747,0.2404,0.0523,414.0291,0.1391,0.1792,0.9614,0.789,0.1391,11.887,1.8707,0.434,0.2782,0.1922,402.3113,0.1148,130.8274,574.7939,70.7022,3.3384,13.5476,3.0629,24.7212,0.9151,8.199,18.3835,6.9183,2.0865,18.8695,0.1229,0.3147,0.1032,0.9145,0.1032,0.38,0.1032,1.4588,0.1032,10.1168,1211.3224,1.0668,29.0695,1.0906,3.6185,0.9257,18.1545,49.6498,2264.393,0.4881,0.1032,11.8864,182.2436,5950.9602,17.7862,0.1032,22.1145,0.09862,20.1025,17.9527,12.1489,553.8312,0.2159,60.4451,190.9785,0.04262,0.1159,70.7086,3022.6368,12449.5301,41.6089,27.7815,2.4797,0.7594,1.2878,2.4015,627.1324,7.5728,396.0752,501.2069,1.1229,5.5247,6.3475,2.1474,242.4807,2.6916,0.5902,8.8765,2.4797,220.9829,5.1112,1.4121,19.0191,0.2332,0.05348,0.1391,0.5055,0.577,7.7513,39.262,0.5208,1116.5099,0.5063,0.6238,14.4514,10.8555,201.1687,0.5216,1.1836,2.0306,62.0742,1.3358,0.1792,0.1032,3.1627,3161.8441,79.4134,5.0907,657.315,3.0102,1790.67,2.4797,4.5453,1.4278,0.4869,0.4154,0.3345,5.4501,0.9431,0.2159,4.1498,376.0861,5.7734,506.5979,0.1391,5.774,1776.7455,13.4753,3619.7903,16.7894,0.3837,80.5935,0.3756,0.249,0.1029,80.5935,14.6616,33.8423,2.4792,3.6904,3.7434
2025-05-31 00:00:01,1748649601,1,0.51,9.6551,12.1313,53.4444,0.2486,130.0545,165.9943,0.2161,0.2486,0.2363,0.2395,0.2777,16.9641,0.2395,0.05221,414.0291,0.1389,0.1792,0.9622,0.7895,0.1389,11.8823,1.8788,0.4207,0.2777,0.1913,402.3113,0.1143,130.2244,575.4258,70.7104,3.3329,13.5005,3.0533,24.6799,0.9129,8.1998,18.3793,6.9084,2.083,18.8695,0.1224,0.3146,0.1031,0.9129,0.1031,0.3798,0.1031,1.4795,0.1031,10.0997,1206.46,1.0668,29.0695,1.0892,3.6188,0.9225,18.1545,49.4304,2267.9641,0.4874,0.1031,11.8823,182.2436,5899.9353,17.6842,0.1031,22.1212,0.09846,19.9976,17.9676,12.1413,553.8312,0.2161,60.2348,191.7115,0.04255,0.1157,70.5755,3032.577,12428.7795,41.5912,27.7816,2.493,0.7594,1.2886,2.4047,627.1324,7.5824,487.0881,492.3,1.1219,5.5247,6.3219,2.1474,242.4944,2.6887,0.5905,8.858,2.493,220.7548,5.1116,1.4166,19.0117,0.2331,0.05339,0.1389,0.5035,0.5776,7.7471,39.1693,0.5203,1118.9391,0.5055,0.6208,14.4069,10.8203,202.2971,0.5208,1.1843,2.0475,62.0742,1.3329,0.1792,0.1031,3.1566,3156.5744,79.4134,5.0907,648.5112,2.9997,1784.8187,2.493,4.5549,1.4183,0.4865,0.4162,0.3345,5.4495,0.9431,0.2161,4.1522,375.8719,5.7711,505.3728,0.1389,5.7739,1777.696,13.5166,3613.421,16.7894,0.3834,80.313,0.3749,0.2486,0.1022,80.313,14.6106,33.8322,2.4931,3.6925,0.9596
2025-06-01 00:00:01,1748736001,1,0.51,9.6546,12.1313,53.4412,0.2486,129.9932,166.0016,0.2161,0.2486,0.2363,0.2395,0.2778,16.9645,0.2395,0.05222,414.0291,0.1389,0.1792,0.9622,0.7892,0.1389,11.8841,1.8794,0.4215,0.2778,0.1914,402.3113,0.1143,130.2201,575.4098,70.7102,3.333,13.5013,3.0535,24.681,0.9133,8.1998,18.3794,6.9092,2.0831,18.8695,0.1224,0.3146,0.1031,0.9133,0.1031,0.3798,0.1031,1.4772,0.1031,10.1,1206.9942,1.0668,29.0695,1.0894,3.6188,0.9226,18.1545,49.4438,2267.2143,0.4878,0.1031,11.8841,182.2436,5908.622,17.6849,0.1031,22.121,0.09846,20.0023,17.9678,12.1416,553.8312,0.2161,60.2384,191.6673,0.04253,0.1157,70.6019,3032.3247,12429.32,41.594,27.7816,2.4931,0.7594,1.2886,2.4039,627.1324,7.5537,420.4165,492.5532,1.122,5.5247,6.3183,2.1474,242.4247,2.6893,0.5905,8.8589,2.4931,220.7588,5.1116,1.4165,19.0146,0.2332,0.0534,0.1389,0.5038,0.5776,7.7475,39.179,0.5204,1118.8774,0.5055,0.6208,14.41,10.8382,202.0393,0.5208,1.1843,2.0463,62.0742,1.3328,0.1792,0.1031,3.1567,3156.7117,79.4134,5.0907,648.5112,2.9999,1784.9672,2.4931,4.5541,1.4183,0.4865,0.4162,0.3345,5.4506,0.9431,0.2161,4.152,375.7919,5.7709,505.4757,0.1389,5.7739,1777.6589,13.5166,3613.6032,16.7894,0.3834,80.3178,0.375,0.2486,0.1022,80.3178,14.6115,33.8324,2.4931,3.6922,0.9597
2025-06-02 00:00:01,1748822401,1,0.5101,9.6628,12.0405,53.3239,0.2486,128.2886,166.0283,0.2157,0.2486,0.2361,0.2393,0.2778,16.9651,0.2393,0.05223,413.4466,0.1389,0.1791,0.961,0.7931,0.1389,11.8751,1.8739,0.4482,0.2778,0.1909,401.7453,0.1142,130.7571,574.2835,70.5302,3.3335,13.4886,3.0501,24.685,0.9122,8.1937,18.3552,6.9,2.0835,18.9351,0.1223,0.3141,0.1031,0.9124,0.1031,0.3794,0.1031,1.4349,0.1031,10.1044,1214.5325,1.066,29.0484,1.089,3.6172,0.9217,18.1832,49.4281,2264.2808,0.4878,0.1031,11.8829,181.9872,6045.8512,17.6786,0.1031,22.1104,0.09848,19.9844,17.9381,12.1481,560.3289,0.2157,60.1817,191.6205,0.04258,0.1157,70.8792,3017.2261,12431.3258,41.5758,27.7324,2.4957,0.7609,1.2822,2.4025,635.597,7.5537,395.2325,492.882,1.1217,5.5226,6.3479,2.1465,240.9652,2.6959,0.591,8.8719,2.4957,220.6484,5.1089,1.4167,19.0001,0.2327,0.05341,0.1389,0.5028,0.5711,7.7506,39.1264,0.5211,1114.4639,0.5056,0.6206,14.3543,10.7911,197.4684,0.5209,1.1831,2.0226,62.0773,1.3313,0.1791,0.1031,3.157,3157.221,79.4496,5.111,648.5112,2.9971,1788.6278,2.4957,4.5546,1.4183,0.4865,0.4137,0.3341,5.4514,0.9424,0.2157,4.1494,374.0009,5.7702,506.6035,0.1389,5.7747,1774.9261,13.5166,3610.3782,16.5832,0.3835,80.2423,0.375,0.2486,0.1022,80.2423,14.5977,33.834,2.4957,3.6977,0.9597
2025-06-03 00:00:02,1748908802,1,0.5101,9.6463,12.0018,53.3896,0.2486,129.8504,164.059,0.2142,0.2486,0.2362,0.2379,0.2778,16.9472,0.2379,0.05222,413.3107,0.1389,0.1786,0.9607,0.7919,0.1389,11.8593,1.8634,0.4319,0.2778,0.1904,405.4381,0.1136,131.622,574.7729,70.4771,3.3335,13.4098,3.0317,24.6846,0.9066,8.1805,18.3259,6.899,2.0834,18.9373,0.1216,0.3127,0.1026,0.9066,0.1026,0.3795,0.1026,1.4576,0.1026,10.0918,1207.5459,1.0664,29.0587,1.0892,3.6171,0.9163,18.185,48.9743,2262.309,0.4897,0.1026,11.8597,181.9274,5940.8144,17.5695,0.1026,22.1316,0.09848,19.8308,17.9419,12.1383,552.8701,0.2142,59.8303,191.2287,0.04252,0.1157,70.8916,3018.1187,12431.1358,41.5645,27.7093,2.4873,0.7609,1.2796,2.4035,635.3881,7.5534,395.2691,491.0546,1.1219,5.5222,6.3419,2.1473,241.7058,2.6752,0.5909,8.8545,2.4873,220.3177,5.109,1.401,18.975,0.2312,0.0534,0.1389,0.5023,0.5697,7.7313,39.1105,0.5171,1114.3104,0.5056,0.6169,14.2849,10.9163,200.5219,0.5209,1.1837,2.0504,62.0569,1.3233,0.1786,0.1026,3.1572,3157.3849,79.4235,5.1112,647.4922,2.9795,1789.0377,2.4873,4.5205,1.4082,0.4862,0.4115,0.3334,5.4409,0.9423,0.2142,4.1565,374.8063,5.7809,505.5144,0.1389,5.768,1777.1491,13.5166,3613.9924,16.6407,0.3829,79.7737,0.375,0.2486,0.1019,79.7737,14.5125,33.8401,2.487,3.7009,0.9613
2025-06-04 00:00:01,1748995201,1,0.5105,9.6654,11.9814,53.411,0.2488,130.3402,164.577,0.2151,0.2488,0.2366,0.2387,0.278,16.9957,0.2387,0.05226,413.1359,0.139,0.1791,0.963,0.7887,0.139,11.8988,1.868,0.4332,0.278,0.1908,405.2667,0.1143,130.6814,576.6202,70.7517,3.336,13.4573,3.041,24.7034,0.911,8.2074,18.3182,6.9082,2.085,18.9715,0.1221,0.3138,0.1028,0.9102,0.1028,0.3798,0.1028,1.441,0.1028,10.1123,1209.9734,1.0684,29.0663,1.0909,3.6236,0.9195,18.185,49.3098,2268.9221,0.4898,0.1028,11.9157,181.8504,5944.8296,17.6442,0.1028,22.1751,0.09855,19.9711,17.9607,12.1494,559.9079,0.215,60.0421,191.4137,0.04236,0.1158,71.3026,3020.0925,12440.5725,41.6445,27.7473,2.4852,0.7574,1.2787,2.398,625.7794,7.5142,395.8525,492.4989,1.1229,5.5206,6.3402,2.1512,242.1734,2.6768,0.5905,8.874,2.4852,220.4366,5.1178,1.4104,19.0381,0.2318,0.05345,0.139,0.504,0.5707,7.7432,39.3236,0.5222,1116.4956,0.506,0.6173,14.2906,10.9755,201.3074,0.5213,1.1827,2.0505,62.1212,1.3368,0.1792,0.1028,3.1611,3159.5692,79.3899,5.1127,649.8934,2.9901,1791.6576,2.4852,4.5337,1.4054,0.4869,0.4111,0.3338,5.4441,0.945,0.215,4.1709,373.7521,5.7978,506.5061,0.1391,5.7907,1781.8894,13.5538,3622.4203,16.8076,0.3819,80.0562,0.3753,0.2488,0.1019,80.0562,14.5639,33.9011,2.4865,3.726,0.9629
2025-06-05 00:00:01,1749081601,1,0.511,9.6779,12.0079,53.4195,0.2491,130.3926,164.7933,0.2146,0.2491,0.2365,0.2386,0.2783,17.0209,0.2386,0.05232,413.9126,0.1391,0.1792,0.9627,0.7847,0.1391,11.9449,1.8665,0.4324,0.2783,0.1906,406.0286,0.1142,130.814,569.8872,70.7088,3.3395,13.4513,3.0313,24.7289,0.9104,8.2098,18.321,6.905,2.0872,18.9902,0.122,0.3135,0.1027,0.9096,0.1028,0.38,0.1027,1.4448,0.1027,10.1171,1211.1814,1.0687,29.101,1.092,3.6232,0.9191,18.1959,49.2827,2268.094,0.4868,0.1027,11.9554,182.1923,5948.92,17.6591,0.1027,22.1876,0.09865,19.9702,17.9745,12.1558,560.9605,0.2144,60.0155,190.0712,0.04256,0.116,71.0335,3020.573,12453.4536,41.6469,27.7494,2.4812,0.7573,1.2793,2.3926,636.3134,7.5057,396.3512,499.9887,1.124,5.5274,6.3406,2.1497,242.4442,2.6729,0.5908,8.8814,2.4812,220.7414,5.1173,1.4073,19.1119,0.2313,0.0535,0.1391,0.5034,0.5784,7.7582,39.3242,0.5225,1115.9035,0.5065,0.6174,14.3262,11.0071,201.1229,0.5218,1.1644,2.0386,62.1472,1.3359,0.1793,0.1027,3.1616,3159.9955,79.5392,5.1186,650.0875,2.9888,1791.1247,2.4812,4.5464,1.4039,0.4869,0.411,0.3348,5.4603,0.9431,0.2144,4.1712,372.9746,5.7735,506.9786,0.1392,5.8013,1781.2997,13.6281,3636.0946,16.7691,0.3827,80.0207,0.3757,0.2491,0.1024,80.0207,14.5574,33.8813,2.4826,3.663,0.9649
2025-06-06 00:00:00,1749168000,1,0.5116,9.6744,11.9709,53.4647,0.2494,129.9547,165.7345,0.2139,0.2494,0.2367,0.2382,0.2786,17.0278,0.2382,0.05238,413.9126,0.1393,0.1791,0.9624,0.7847,0.1393,11.9557,1.8642,0.4323,0.2786,0.1904,406.0286,0.1142,130.606,570.762,70.7568,3.3435,13.4287,3.0234,24.7585,0.9082,8.21,18.3158,6.919,2.0897,18.9902,0.1218,0.313,0.1026,0.9082,0.1026,0.3804,0.1026,1.5085,0.1026,10.1422,1211.5301,1.069,29.101,1.093,3.6265,0.9176,18.1959,49.1571,2266.5202,0.4861,0.1026,11.9557,182.1923,5908.591,17.6083,0.1026,22.1852,0.09877,19.9821,17.9841,12.1573,560.9605,0.2139,59.9146,188.874,0.04259,0.1161,71.0785,3018.0118,12468.3598,41.69,27.7323,2.4743,0.7573,1.2762,2.4002,636.3134,7.524,423.8481,497.3669,1.1257,5.5274,6.3521,2.1499,243.4634,2.6731,0.5894,8.8967,2.4743,218.8708,5.1192,1.4032,19.129,0.2306,0.05356,0.1393,0.5045,0.5778,7.7487,39.3066,0.5218,1114.9605,0.5071,0.6161,14.2951,11.001,199.9145,0.5224,1.1728,2.0086,62.1472,1.3333,0.1791,0.1026,3.1636,3163.7783,79.5392,5.1186,651.9226,2.9837,1799.0452,2.4743,4.534,1.4059,0.4876,0.4104,0.3352,5.4763,0.9425,0.2139,4.1693,371.0118,5.7759,506.2927,0.1393,5.7945,1779.0785,13.7358,3636.1257,16.7872,0.3826,79.8861,0.3761,0.2494,0.1021,79.8861,14.5329,33.9115,2.4715,3.6648,0.9661
2025-06-07 00:00:01,1749254401,1,0.5108,9.6749,11.9861,53.4267,0.249,130.6202,165.5241,0.2141,0.249,0.2367,0.2386,0.2782,16.99,0.2386,0.0523,413.9126,0.1391,0.1792,0.963,0.7788,0.1391,11.9344,1.8646,0.4219,0.2782,0.1904,406.0286,0.1144,129.6194,570.0819,70.7406,3.3383,13.4497,3.0238,24.7203,0.9086,8.2108,18.3196,6.9088,2.0864,18.9902,0.122,0.3134,0.1027,0.9086,0.1028,0.3803,0.1027,1.5123,0.1027,10.118,1206.9388,1.069,29.101,1.0917,3.6258,0.919,18.1959,49.1953,2266.3443,0.4861,0.1027,11.9344,182.1923,5875.1754,17.5958,0.1027,22.1875,0.09862,20.1101,17.9809,12.1505,560.9605,0.2141,60.0082,189.1921,0.04255,0.1159,70.9793,3025.9796,12449.0825,41.6187,27.7392,2.4738,0.7573,1.2774,2.4008,636.3134,7.5045,527.2549,498.4204,1.1244,5.5274,6.3335,2.1501,243.1918,2.6639,0.5888,8.8722,2.4738,218.1056,5.119,1.4046,19.095,0.2312,0.05348,0.1391,0.5067,0.5784,7.7533,39.2289,0.5228,1116.9993,0.5063,0.6153,14.2866,11.0062,199.9215,0.5216,1.1655,1.9889,62.1472,1.3393,0.1792,0.1027,3.1589,3158.887,79.5392,5.1186,649.8384,2.9884,1792.4049,2.4738,4.5376,1.4052,0.4873,0.4097,0.3352,5.4603,0.9425,0.2141,4.1654,368.2146,5.7655,504.6502,0.1391,5.796,1786.0297,13.7855,3629.2047,16.7872,0.3825,80.0109,0.3756,0.249,0.1021,80.0109,14.5556,33.8972,2.4742,3.4897,0.9653
2025-06-08 00:00:01,1749340801,1,0.5109,9.6749,11.9845,53.4266,0.249,130.6006,165.5486,0.2141,0.249,0.2367,0.2386,0.2782,16.99,0.2386,0.05231,413.9126,0.1391,0.1792,0.963,0.7786,0.1391,11.9354,1.8646,0.4227,0.2782,0.1904,406.0286,0.1143,129.6105,570.1544,70.7424,3.3388,13.4518,3.0238,24.7239,0.9097,8.2107,18.3192,6.9089,2.0867,18.9902,0.122,0.3134,0.1028,0.9097,0.1028,0.3803,0.1028,1.5111,0.1028,10.118,1207.0932,1.069,29.101,1.0917,3.6258,0.9192,18.1959,49.2037,2266.6385,0.487,0.1028,11.9354,182.1923,5878.1623,17.5967,0.1028,22.1873,0.09863,20.1024,17.9809,12.1507,560.9605,0.2141,60.0179,189.167,0.04253,0.1159,70.9908,3025.1299,12450.9219,41.6217,27.7385,2.4725,0.7573,1.2772,2.4005,636.3134,7.5061,467.8629,498.3465,1.1245,5.5274,6.3323,2.1501,243.1595,2.6633,0.5889,8.8724,2.4725,218.1511,5.119,1.4051,19.0967,0.2314,0.05349,0.1391,0.5065,0.5784,7.757,39.2341,0.5229,1116.7819,0.5064,0.6152,14.2871,11.0111,199.8737,0.5217,1.1662,1.9904,62.1472,1.3394,0.1792,0.1028,3.1594,3159.3538,79.5392,5.1186,649.8384,2.9889,1793.113,2.4725,4.5392,1.4052,0.4873,0.4098,0.3352,5.4609,0.9425,0.2141,4.1661,368.2943,5.7655,504.6901,0.1391,5.7958,1785.8957,13.7855,3629.2609,16.7872,0.3825,80.0238,0.3756,0.249,0.1021,80.0238,14.558,33.8987,2.4725,3.493,0.9655
2025-06-09 00:00:01,1749427201,1,0.5108,9.6799,11.952,53.4265,0.249,130.4729,165.5231,0.2141,0.249,0.2369,0.2385,0.2782,17.0019,0.2385,0.0523,413.9126,0.1391,0.1792,0.9627,0.7748,0.1391,11.935,1.8639,0.4499,0.2782,0.1905,406.0286,0.1143,129.6924,572.4084,70.9709,3.3383,13.4464,3.0223,24.7201,0.9097,8.2495,18.3302,6.9046,2.0864,18.9902,0.1219,0.3134,0.1027,0.91,0.1027,0.3802,0.1027,1.5041,0.1027,10.1177,1207.956,1.0707,29.101,1.0917,3.6322,0.9188,18.1959,49.208,2265.6806,0.4869,0.1027,11.9328,182.1923,5894.841,17.5966,0.1027,22.2175,0.09862,20.116,17.9823,12.152,560.9605,0.2141,59.9934,189.3003,0.04267,0.1159,71.0079,3011.3953,12449.0045,41.6703,27.7937,2.4727,0.7573,1.2761,2.404,636.3134,7.5011,449.5477,498.7388,1.1244,5.5274,6.3488,2.153,242.9794,2.6581,0.5883,8.8738,2.4727,217.7448,5.1285,1.405,19.0961,0.2311,0.05348,0.1391,0.5058,0.5727,7.7597,39.2572,0.5228,1114.8403,0.5063,0.6153,14.2985,10.9816,199.6062,0.5216,1.1839,2.0338,62.1472,1.3376,0.1792,0.1027,3.1589,3159.5423,79.5392,5.1186,649.8384,2.9877,1810.3547,2.4727,4.5401,1.4052,0.4873,0.4107,0.3357,5.4591,0.9437,0.2141,4.1654,368.7401,5.7704,504.9135,0.1391,5.7931,1785.1476,13.7855,3624.3366,16.763,0.3829,79.9913,0.3756,0.249,0.1021,79.9913,14.552,33.9471,2.4727,3.5114,0.9653
2025-06-10 00:00:02,1749513602,1,0.511,9.7394,11.9305,53.4319,0.2491,130.5561,165.0737,0.2136,0.2491,0.2367,0.2384,0.2783,17.0114,0.2385,0.05232,413.9126,0.1391,0.179,0.9627,0.7747,0.1391,11.9208,1.8704,0.433,0.2783,0.1905,406.0286,0.1143,130.0217,573.8739,70.9768,3.3393,13.4419,3.0216,24.7274,0.9093,8.2313,18.3091,6.9105,2.087,18.9902,0.1219,0.3129,0.1027,0.909,0.1027,0.3803,0.1027,1.5229,0.1027,10.125,1206.5391,1.0699,29.101,1.0922,3.6314,0.9185,18.1959,49.0062,2266.5168,0.4856,0.1027,11.9256,182.1923,5853.0612,17.5699,0.1027,22.2561,0.09865,20.1143,17.9843,12.151,560.9605,0.2135,59.9735,188.6893,0.04259,0.1159,70.8767,3006.8659,12452.6702,41.6337,27.7783,2.4654,0.7573,1.276,2.4023,636.3134,7.5018,451.7824,496.4704,1.1246,5.5274,6.3535,2.1498,243.6032,2.6529,0.5891,8.8762,2.4654,216.4001,5.125,1.4016,19.0733,0.2304,0.0535,0.1391,0.5073,0.5758,7.7705,39.3038,0.5206,1113.8188,0.5065,0.615,14.2867,11.007,200.426,0.5218,1.1837,2.0041,62.1472,1.3365,0.179,0.1027,3.1606,3159.7972,79.5392,5.1186,650.2782,2.9867,1809.0259,2.4654,4.5504,1.4055,0.4874,0.4109,0.3352,5.4675,0.9437,0.2135,4.1671,365.789,5.7833,503.6964,0.1392,5.7882,1770.7737,13.8061,3627.4295,16.7207,0.3831,79.9647,0.3757,0.2491,0.1021,79.9647,14.5472,33.9086,2.4661,3.4664,3.7511
2025-06-11 00:00:01,1749600001,1,0.511,9.7134,11.9602,53.3547,0.2491,129.8355,165.1567,0.2133,0.2491,0.2366,0.2382,0.2783,17.0077,0.2382,0.05232,414.1456,0.1391,0.179,0.963,0.7738,0.1391,11.9112,1.8612,0.4325,0.2783,0.1903,406.2571,0.1144,130.3268,576.1973,70.7368,3.3393,13.4287,3.017,24.7277,0.9083,8.2417,18.302,6.8916,2.0871,19.0518,0.1218,0.3125,0.103,0.9085,0.103,0.3799,0.103,1.4699,0.103,10.1257,1211.7492,1.069,29.1971,1.0922,3.6279,0.9176,18.2529,48.8477,2264.6482,0.4863,0.103,11.9109,182.2949,5953.0245,17.5247,0.103,22.2217,0.09865,20.1368,17.9856,12.1567,561.2763,0.2133,59.9145,190.159,0.04256,0.1159,70.7646,3025.3318,12452.8458,41.6119,27.7305,2.463,0.7604,1.2748,2.3981,627.3088,7.5221,396.1163,500.1832,1.125,5.5284,6.3474,2.1495,242.5189,2.6514,0.5895,8.8843,2.463,216.0218,5.1197,1.4041,19.0578,0.2301,0.0535,0.1391,0.5056,0.5786,7.7685,39.2663,0.5185,1117.4739,0.5065,0.6137,14.2917,10.939,199.2074,0.5218,1.1852,2.0133,62.1822,1.3343,0.179,0.103,3.1596,3159.842,79.584,5.108,655.1495,2.9837,1791.6589,2.463,4.5457,1.403,0.4871,0.4104,0.3348,5.4586,0.9431,0.2133,4.164,365.1733,5.7844,501.8848,0.1391,5.7789,1769.9972,13.8763,3618.5662,16.6826,0.3671,79.886,0.3757,0.2491,0.1023,79.886,14.5329,33.8457,2.464,3.5005,3.7506
2025-06-12 00:00:01,1749686401,1,0.5107,9.7251,11.9485,53.3876,0.2489,130.2369,164.7041,0.2135,0.2489,0.2366,0.2371,0.2781,16.9819,0.2372,0.05228,414.0583,0.139,0.1787,0.9625,0.7734,0.139,11.8937,1.8617,0.4323,0.2781,0.19,406.1714,0.114,130.8319,584.5628,70.7219,3.3372,13.3675,3.0039,24.712,0.9031,8.2303,18.2987,6.8819,2.0857,18.9884,0.1212,0.3126,0.1028,0.9038,0.1028,0.3799,0.1028,1.4251,0.1028,10.1137,1210.1247,1.0693,29.191,1.0913,3.6284,0.9134,18.249,48.5365,2261.8776,0.486,0.1028,11.8893,182.2564,5951.6826,17.4799,0.1028,22.2396,0.09859,20.1079,17.9803,12.154,561.1579,0.2137,59.6417,190.6004,0.04256,0.1159,70.9651,3026.4252,12444.9268,41.5754,27.7572,2.4648,0.7603,1.274,2.3978,627.1765,7.4858,396.2829,500.4338,1.1245,5.5258,6.3544,2.1501,242.2308,2.6347,0.5896,8.8738,2.4648,215.1353,5.1209,1.4018,19.03,0.2305,0.05346,0.139,0.5052,0.5721,7.7633,39.2296,0.5162,1116.1326,0.5061,0.6121,14.2694,11.0219,199.3649,0.5214,1.165,2.0316,62.1691,1.3313,0.1786,0.1028,3.1092,3109.2514,79.5672,5.1927,653.8887,2.9702,1792.2923,2.4648,4.5355,1.4041,0.487,0.4096,0.3349,5.4526,0.9437,0.2137,4.1486,362.5976,5.7769,499.8691,0.139,5.7651,1767.2765,13.964,3614.9049,16.6747,0.3815,79.5223,0.3754,0.2489,0.1021,79.5223,14.4667,33.8616,2.463,3.4785,3.7486
