date,timestamp,EUR,AED,AFN,ALL,AMD,ANG,AOA,ARS,AUD,AWG,AZN,BAM,BBD,BDT,BGN,BHD,BIF,BMD,BND,BOB,BRL,BSD,BTN,BWP,BYN,BZD,CAD,CDF,CHF,CLP,CNY,COP,CRC,CUP,CVE,CZK,DJF,DKK,DOP,DZD,EGP,ERN,ETB,FJD,FKP,FOK,GBP,GEL,GGP,GHS,GIP,GMD,GNF,GTQ,GYD,HKD,HNL,HRK,HTG,HUF,IDR,ILS,IMP,INR,IQD,IRR,ISK,JEP,JMD,JOD,JPY,KES,KGS,KHR,KID,KMF,KRW,KWD,KYD,KZT,LAK,LBP,LKR,LRD,LSL,LYD,MAD,MDL,MGA,MKD,MMK,MNT,MOP,MRU,MUR,MVR,MWK,MXN,MYR,MZN,NAD,NGN,NIO,NOK,NPR,NZD,OMR,PAB,PEN,PGK,PHP,PKR,PLN,PYG,QAR,RON,RSD,RUB,RWF,SAR,SBD,SCR,SDG,SEK,SGD,SHP,SLE,SLL,SOS,SRD,SSP,STN,SYP,SZL,THB,TJS,TMT,TND,TOP,TRY,TTD,TVD,TWD,TZS,UAH,UGX,USD,UYU,UZS,VES,VND,VUV,WST,XAF,XCD,XCG,XDR,XOF,XPF,YER,ZAR,ZMW,ZWL
2025-04-26 00:00:02,1745625602,1,4.173,80.7574,98.7259,443.4638,2.0339,1059.1864,1334.1793,1.7777,2.0339,1.9306,1.9558,2.2725,138.0,1.9558,0.4272,3338.7322,1.1363,1.4934,7.8644,6.4545,1.1363,97.0154,15.7194,3.4966,2.2725,1.5751,3279.0755,0.9415,1060.0636,8.2809,4896.5363,572.2278,27.2706,110.265,24.9433,201.9398,7.4602,67.4341,150.2477,57.8758,17.0441,148.9022,2.569,0.8534,7.4602,0.8534,3.1204,0.8534,16.813,0.8534,82.4975,9854.9622,8.7411,237.2573,8.8142,29.4214,7.5345,148.1594,406.3089,19149.9252,4.1133,0.8534,97.0155,1485.3932,47958.2838,144.9038,0.8534,180.5725,0.8056,163.0869,146.7947,98.4428,4514.0519,1.7774,491.9678,1634.6652,0.3485,0.9469,585.8375,24780.1717,101696.5586,340.3182,226.9863,21.2908,6.1949,10.5318,19.5651,4998.5925,61.5901,3969.9352,4084.8134,9.0774,45.1054,51.2139,17.543,1981.4982,22.2185,4.9684,72.5213,21.2908,1828.8847,41.7658,11.8507,155.2247,1.9057,0.4369,1.1363,4.1733,4.6353,63.9262,319.9553,4.2715,9134.2604,4.136,4.9776,117.247,94.1508,1643.1807,4.261,9.5829,16.301,506.6793,11.0028,1.4934,0.8534,25.7757,25775.703,648.4739,41.6116,5166.1509,24.5,14569.8425,21.2908,38.0694,12.2207,3.974,3.4028,2.6971,43.6689,8.4069,1.7774,36.9763,3047.7769,47.4425,4157.5532,1.1363,47.7106,14686.9521,97.8439,29588.6866,137.3599,3.1583,655.957,3.0679,2.0339,0.8385,655.957,119.332,278.2058,21.2909,31.853,30.3889
2025-04-27 00:00:01,1745712001,1,4.1725,80.7634,98.7261,443.4172,2.0337,1058.7538,1334.0168,1.7775,2.0337,1.9305,1.9558,2.2723,137.9925,1.9558,0.4272,3338.3156,1.1361,1.4933,7.8644,6.4546,1.1361,97.0224,15.7044,3.4994,2.2723,1.5752,3279.0755,0.9414,1061.2027,8.2824,4896.5566,572.2388,27.2673,110.265,24.944,201.9152,7.4603,67.4372,150.2511,57.8699,17.042,148.894,2.5689,0.8534,7.4603,0.8534,3.1203,0.8534,16.8365,0.8534,82.4942,9858.2953,8.7413,237.2573,8.8128,29.422,7.5345,148.1594,406.2587,19148.0784,4.1136,0.8534,97.0225,1485.3932,48002.2529,144.9044,0.8534,180.4201,0.8055,163.0332,146.7927,98.4455,4514.0519,1.7775,491.9678,1634.6017,0.3481,0.9468,585.7717,24779.2275,101684.1735,340.3401,226.9914,21.3002,6.1949,10.5325,19.5569,4987.5577,61.6384,3429.8843,4081.7848,9.0757,45.1054,51.1661,17.5432,1980.7189,22.2168,4.969,72.5185,21.3002,1828.8743,41.7666,11.8512,155.2359,1.9058,0.4368,1.1361,4.1759,4.6356,63.9377,319.8709,4.2717,9134.0072,4.1355,4.9775,117.2476,94.1101,1642.1964,4.2605,9.5853,16.3163,506.6793,11.0039,1.4933,0.8534,25.7726,25772.5641,648.4739,41.6116,5166.1509,24.5,14571.5912,21.3002,38.0765,12.2207,3.9763,3.4022,2.6971,43.6697,8.3669,1.7775,36.968,3047.2893,47.4477,4157.3717,1.1361,47.7137,14681.6558,97.8439,29619.9666,137.3602,3.1586,655.957,3.0676,2.0337,0.8382,655.957,119.332,278.213,21.2823,31.8596,30.3889
2025-04-28 00:00:01,1745798401,1,4.1721,80.8356,98.8125,443.7979,2.0335,1048.1007,1333.8906,1.7781,2.0335,1.9306,1.9558,2.2721,137.9169,1.9558,0.4271,3373.8305,1.136,1.4935,7.8634,6.4555,1.136,96.9575,15.6712,3.6493,2.2721,1.5743,3286.7358,0.9407,1062.49,8.2817,4800.156,574.3667,27.2647,110.265,24.9652,201.8961,7.4619,67.2806,150.3794,57.8513,17.0404,151.0843,2.5661,0.8536,7.4619,0.8535,3.1218,0.8536,16.4854,0.8536,82.6016,9934.9079,8.7481,237.8116,8.8067,29.4506,7.5345,148.6957,406.2592,19119.916,4.1166,0.8536,96.9576,1488.8632,49214.4668,145.1485,0.8536,180.1333,0.8054,163.1888,146.8727,99.0355,4524.5974,1.778,491.9678,1634.1725,0.3482,0.9467,583.74,24726.2268,101674.5488,340.16,227.2261,21.2529,6.2193,10.525,19.5398,5061.6248,61.6384,3226.7305,4079.4157,9.0721,45.199,51.3811,17.5492,1971.2573,22.1951,4.9662,72.3342,21.2529,1827.1746,41.7979,11.8467,155.132,1.9067,0.4368,1.136,4.1823,4.6369,63.8661,319.138,4.2728,9132.4596,4.1351,4.9774,117.2226,93.8338,1619.2846,4.2601,9.7166,16.457,507.863,11.0144,1.4933,0.8536,25.7701,25769.0607,649.9888,41.7088,5166.1509,24.5,14628.8613,21.2529,38.0701,12.2207,3.9763,3.3979,2.6971,43.649,7.8429,1.778,36.9315,3053.1681,47.4543,4151.6415,1.1359,47.6494,14570.6556,97.8439,29544.8046,136.4552,3.1063,655.957,3.0673,2.0335,0.8382,655.957,119.332,278.3637,21.2556,31.7466,30.3889
2025-04-29 00:00:01,1745884801,1,4.1829,80.7987,98.8416,442.7192,2.0388,1055.8426,1324.8198,1.7757,2.0388,1.9308,1.9558,2.2779,138.3933,1.9558,0.4283,3359.1804,1.139,1.4933,7.8599,6.4536,1.139,96.8206,15.6197,3.5303,2.2779,1.5775,3285.7264,0.9387,1061.7892,8.3032,4779.2754,574.4866,27.3354,110.265,24.9612,202.4195,7.4612,67.0914,150.4087,57.6857,17.0846,148.9969,2.5629,0.8503,7.4709,0.8502,3.1208,0.8503,16.5124,0.8503,82.6201,9898.2072,8.7438,237.7386,8.831,29.4326,7.5345,148.65,404.4038,19186.0948,4.1232,0.8503,96.9151,1488.406,48250.2667,145.3711,0.8503,180.6594,0.8075,162.505,146.9554,98.8082,4523.2078,1.7758,491.9678,1638.716,0.3485,0.9491,584.6211,24705.6224,101938.1307,340.7316,227.0265,21.1397,6.2174,10.5386,19.5447,4971.8305,61.6384,3237.6433,4091.4536,9.0933,45.1851,51.4365,17.5471,1979.0368,22.2957,4.9663,72.466,21.1397,1825.192,41.7856,11.8112,154.913,1.9098,0.4379,1.139,4.1773,4.6454,64.1737,320.5002,4.2714,9124.4568,4.1459,4.9775,117.1983,93.998,1633.5207,4.2712,9.6512,16.3236,507.707,10.9641,1.4933,0.8503,25.8404,25836.3366,649.7892,41.696,5174.285,24.5,14628.0476,21.1397,38.1091,12.2181,3.9745,3.3979,2.6837,43.8211,8.1818,1.7758,36.9811,3054.3167,47.3563,4157.1672,1.1391,47.4641,14653.1006,98.5985,29632.0699,136.8452,3.1261,655.957,3.0752,2.0388,0.8379,655.957,119.332,278.3628,21.1329,31.7904,30.5093
2025-04-30 00:00:01,1745971201,1,4.1827,80.7438,98.7929,443.7417,2.0387,1059.8847,1333.2959,1.7805,2.0387,1.9351,1.9558,2.2778,138.3955,1.9558,0.4282,3365.1591,1.1389,1.4903,7.8742,6.4309,1.1389,96.9929,15.6495,3.5371,2.2778,1.5759,3322.4762,0.9387,1074.2286,8.2838,4788.3218,574.9297,27.334,110.265,24.9325,202.4095,7.4628,66.9565,150.7108,57.8644,17.0838,151.2161,2.5641,0.8496,7.4628,0.8496,3.1294,0.8496,16.2898,0.8496,82.8506,9914.6155,8.767,238.9452,8.8351,29.5126,7.5345,149.0218,404.3461,19053.5254,4.1268,0.8496,96.993,1490.8547,48352.786,146.0764,0.8496,180.696,0.8075,162.1722,147.2225,99.1199,4590.2632,1.7806,491.9678,1633.9839,0.3488,0.9491,583.3833,24709.8687,101933.0644,340.9574,227.5078,21.1182,6.2313,10.5529,19.5583,4970.784,61.6393,3237.1095,4079.4897,9.0997,45.2947,51.2692,17.5928,1985.1587,22.2916,4.9276,72.6852,21.1182,1825.7897,41.881,11.8097,155.1886,1.9167,0.4379,1.1389,4.1774,4.6718,63.8678,320.1849,4.2703,9138.069,4.1457,4.9778,117.1949,93.3288,1645.0951,4.2709,9.6482,16.6661,509.2847,10.9692,1.4903,0.8496,25.8357,25834.5746,650.8582,41.7997,5246.456,24.5,14660.7965,21.1182,38.0505,12.2329,3.9845,3.3942,2.6794,43.8626,8.0649,1.7806,36.7988,3064.5308,47.294,4171.0896,1.1389,47.8356,14669.1916,99.0128,29643.8376,137.3651,3.1418,655.957,3.0751,2.0387,0.8391,655.957,119.332,279.0249,21.1161,32.1171,30.5249
2025-05-01 00:00:01,1746057601,1,4.1652,80.6127,98.7959,443.5911,2.0301,1059.5838,1329.2188,1.7739,2.0301,1.9324,1.9558,2.2683,137.8766,1.9558,0.4264,3360.5029,1.1341,1.482,7.8694,6.3811,1.1341,96.1588,15.616,3.5321,2.2683,1.5665,3286.6604,0.9362,1074.8743,8.2511,4768.6814,574.519,27.2195,110.265,24.9277,201.5615,7.4543,66.936,150.5501,57.7097,17.0122,151.0295,2.5734,0.8505,7.4543,0.8505,3.1241,0.8505,16.1756,0.8505,82.6848,9894.8521,8.7543,238.6205,8.8035,29.4988,7.5345,148.6288,404.3229,18871.369,4.1228,0.8505,96.1594,1488.8291,48284.7307,145.9444,0.8505,179.3406,0.8041,162.079,147.073,99.2754,4584.0263,1.7741,491.9678,1619.8986,0.3479,0.9451,583.4569,24699.6026,101506.0449,340.1042,227.3237,21.0827,6.2085,10.5213,19.5193,4970.7514,61.6323,3222.6808,4037.471,9.0678,45.1745,51.1331,17.566,1981.1891,22.2172,4.9033,72.6835,21.0827,1820.5861,41.8292,11.7861,153.8541,1.9151,0.4361,1.1341,4.1684,4.6575,63.445,318.6366,4.2752,9128.0708,4.1283,4.978,117.1946,92.7889,1642.3389,4.253,9.701,16.4892,508.5927,10.9585,1.482,0.8505,25.7735,25772.5108,649.9739,41.7429,5233.4708,24.5,14638.5571,21.0827,37.9014,12.0436,3.9784,3.372,2.6956,43.7125,7.8752,1.7741,36.3748,3052.2874,47.144,4165.6432,1.1341,47.8413,14638.8277,99.4826,29474.6067,136.0602,3.1439,655.957,3.0622,2.0301,0.8377,655.957,119.332,278.3002,21.084,31.7817,30.5084
2025-05-02 00:00:01,1746144001,1,4.1514,80.2542,98.5126,441.563,2.0234,1052.7966,1324.8197,1.7707,2.0234,1.9245,1.9558,2.2608,137.2921,1.9558,0.425,3358.6738,1.1304,1.4815,7.8257,6.4092,1.1304,95.6413,15.5058,3.5306,2.2608,1.5648,3271.7547,0.9369,1072.5254,8.2261,4808.9033,572.2843,27.1294,110.265,24.9365,200.8944,7.4615,66.6173,149.9371,57.5148,16.9559,150.7006,2.561,0.8504,7.4615,0.8504,3.1125,0.8504,16.02,0.8504,82.2999,9861.4565,8.7102,237.3758,8.7689,29.3521,7.5345,147.7657,404.3317,18801.4038,4.1024,0.8504,95.7268,1482.0769,48317.7908,145.7369,0.8504,179.2292,0.8014,163.5707,146.5832,99.0324,4503.974,1.7709,491.9678,1618.6056,0.3473,0.942,582.9004,24675.8294,101170.1036,338.5751,226.3593,21.0041,6.1747,10.5002,19.3501,5005.9717,61.6341,3210.989,4055.9279,9.0314,45.0339,51.0442,17.478,1971.5889,22.161,4.8848,72.1823,21.0041,1814.9687,41.6366,11.7868,153.0261,1.9111,0.4346,1.1304,4.1402,4.6699,63.1729,317.5004,4.2821,9090.8503,4.1146,4.9781,117.227,92.6255,1632.8484,4.239,9.575,16.1449,505.5481,11.004,1.4815,0.8504,25.6882,25688.8578,645.8212,41.5038,5215.1259,24.5,14573.509,21.0041,37.8965,12.0012,3.9683,3.3675,2.6597,43.5455,7.7666,1.7709,36.2675,3041.9941,47.1466,4149.4615,1.1305,47.6298,14572.3224,99.4826,29375.881,136.317,3.0967,655.957,3.0521,2.0234,0.8378,655.957,119.332,276.9961,21.0014,31.7403,30.5084
2025-05-03 00:00:02,1746230402,1,4.1553,80.194,98.5295,441.5269,2.0253,1061.025,1326.0664,1.7573,2.0253,1.9256,1.9558,2.2629,137.5335,1.9558,0.4254,3335.4965,1.1315,1.4694,7.8283,6.4227,1.1315,95.6731,15.4928,3.4469,2.2629,1.5627,3271.7547,0.935,1073.003,8.1986,4812.2316,572.2855,27.1549,110.265,24.9155,201.0835,7.4472,66.552,149.855,57.459,16.9718,150.7166,2.5629,0.8522,7.4472,0.8522,3.1121,0.8522,15.8881,0.8522,82.5753,9865.7422,8.7104,237.3758,8.7699,29.3504,7.5345,147.7657,404.5214,18613.7451,4.0802,0.8522,95.6732,1482.0769,47859.6719,146.1012,0.8522,179.7691,0.8022,163.8508,146.7474,98.9684,4503.974,1.7573,491.9678,1587.3489,0.3473,0.9429,585.0879,24716.5612,101265.3093,339.3508,226.3032,20.8311,6.1747,10.498,19.4523,5006.2269,61.6341,3939.0505,4061.1908,9.0329,45.0339,51.3653,17.4808,1983.4663,22.194,4.836,72.508,20.8311,1819.7818,41.6289,11.7667,153.077,1.9051,0.435,1.1315,4.1407,4.6767,63.0367,317.6898,4.2735,9105.9605,4.1185,4.9783,117.2316,93.406,1646.5896,4.243,9.5263,16.147,505.5481,10.9216,1.4709,0.8522,25.7124,25712.2732,645.8212,41.5038,5234.1081,24.5,14521.2266,20.8311,37.4713,12.021,3.9667,3.3832,2.6557,43.6706,7.8484,1.7573,35.0083,3054.1473,47.2905,4159.511,1.1315,47.5808,14613.8469,100.6992,29407.0478,136.2749,3.1004,655.957,3.0549,2.0253,0.838,655.957,119.332,276.9046,20.8314,31.7783,30.3367
2025-05-04 00:00:01,1746316801,1,4.1558,80.1955,98.5291,441.5192,2.0256,1060.083,1326.2456,1.7582,2.0256,1.9255,1.9558,2.2632,137.5911,1.9558,0.4255,3335.1353,1.1316,1.4695,7.8282,6.4242,1.1316,95.6638,15.4924,3.4502,2.2632,1.563,3271.7547,0.9353,1073.0209,8.2017,4812.1472,572.2855,27.1586,110.265,24.916,201.1107,7.4565,66.5537,149.8571,57.4685,16.9741,150.7403,2.5626,0.852,7.4565,0.8521,3.1119,0.852,15.8907,0.852,82.5595,9867.6615,8.7104,237.3758,8.7742,29.3504,7.5345,147.7657,404.4378,18619.7852,4.0825,0.852,95.664,1482.0769,47904.1104,146.1132,0.852,179.7021,0.8023,163.8469,146.715,98.9671,4503.974,1.7582,491.9678,1590.0242,0.3473,0.943,584.9766,24715.5274,101278.9915,339.2371,226.3046,20.8359,6.1747,10.498,19.4441,5006.2269,61.6543,3404.7918,4059.1654,9.0374,45.0339,51.3347,17.4807,1982.3901,22.1889,4.8406,72.4824,20.8359,1819.7331,41.6291,11.7637,153.0621,1.907,0.4351,1.1316,4.1412,4.6766,63.0413,317.7341,4.2745,9105.577,4.1191,4.9783,117.2321,93.4369,1644.8202,4.2435,9.5282,16.1462,505.5481,10.9233,1.4703,0.852,25.7158,25715.7468,645.8212,41.5038,5234.1081,24.5,14522.5536,20.8359,37.4792,12.021,3.9669,3.3834,2.6557,43.667,7.9227,1.7582,35.1329,3053.7941,47.2892,4158.6792,1.1316,47.582,14609.5293,100.6992,29410.6837,136.2752,3.1002,655.957,3.0553,2.0256,0.8381,655.957,119.332,276.907,20.8362,31.7813,30.3367
2025-05-05 00:00:01,1746403201,1,4.1534,80.5529,98.4912,440.2205,2.0244,1045.5065,1325.455,1.7567,2.0244,1.925,1.9558,2.2619,137.5918,1.9558,0.4252,3357.9264,1.1309,1.4656,7.8329,6.4235,1.1309,95.4601,15.4609,3.6355,2.2619,1.5632,3268.9151,0.9337,1073.6188,8.1787,4809.6185,571.8704,27.1424,110.265,24.9257,200.9908,7.4587,66.7077,150.1053,57.3804,16.964,150.7167,2.555,0.8529,7.4587,0.853,3.104,0.8529,15.7755,0.8529,82.2168,9892.6407,8.7179,236.3608,8.7694,29.4173,7.5345,147.5745,404.3637,18630.4819,4.0855,0.8529,95.6167,1480.7906,48990.2554,146.1112,0.8529,179.4539,0.8018,163.6639,146.4706,98.8499,4500.0649,1.7556,491.9678,1582.3957,0.3473,0.9424,584.887,24686.494,101218.6176,338.4827,226.5414,20.81,6.1673,10.5041,19.4116,3742.1458,61.6543,3217.1253,4038.9025,9.0306,44.989,51.398,17.4936,1962.8788,22.2093,4.829,72.2668,20.81,1821.9541,41.6752,11.7799,152.7362,1.9023,0.4348,1.1309,4.1416,4.6819,62.9487,318.1863,4.2771,9104.4901,4.1166,4.9776,117.2291,93.554,1609.6363,4.241,9.6655,16.2624,505.1093,10.9177,1.4657,0.8529,25.7005,25696.8982,645.2607,41.4579,5234.1081,24.5,14589.8215,20.81,37.5358,12.021,3.9678,3.3839,2.6864,43.7083,7.7209,1.7556,34.6539,3043.321,47.2994,4134.3005,1.1311,47.5146,14491.7593,100.6992,29442.3507,136.533,3.1355,655.957,3.0535,2.0244,0.8381,655.957,119.332,277.1895,20.8127,31.4345,30.3367
2025-05-06 00:00:01,1746489601,1,4.1577,80.4063,98.5124,441.7615,2.0265,1057.0275,1334.2062,1.7495,2.0265,1.9279,1.9558,2.2642,137.6918,1.9558,0.4257,3350.0875,1.1321,1.4609,7.8504,6.4113,1.1321,95.573,15.4742,3.517,2.2642,1.5639,3278.6415,0.9317,1072.9523,8.2016,4826.8507,573.7514,27.1709,110.265,24.9174,201.2019,7.4505,66.7395,150.4756,57.4719,16.9818,151.32,2.5537,0.8515,7.4504,0.8515,3.1145,0.8515,15.6404,0.8515,82.5116,9879.0459,8.7346,237.2259,8.7764,29.4409,7.5345,148.1398,403.5034,18619.1041,4.094,0.8515,95.5732,1485.1966,48197.4889,146.6018,0.8515,179.6805,0.8027,162.8473,146.6794,99.1154,4572.8421,1.7495,491.9678,1560.3931,0.3471,0.9434,585.9961,24709.9603,101324.9488,339.292,226.8208,20.707,6.1898,10.463,19.4721,5042.9398,61.6543,3214.9442,4012.262,9.0389,45.158,51.351,17.5213,1977.8487,22.2428,4.7888,72.5349,20.707,1821.7677,41.7486,11.7655,152.9169,1.8968,0.4353,1.1321,4.1437,4.6339,63.0083,318.4494,4.2693,9125.665,4.1209,4.9791,117.2139,92.4002,1642.781,4.2455,9.6705,16.6207,506.6122,10.9333,1.4609,0.8515,25.7274,25726.3576,648.3881,41.6061,5227.6243,24.5,14606.911,20.707,37.2911,12.0348,3.9702,3.391,2.6649,43.6991,7.7153,1.7495,33.0478,3059.9271,47.1821,4147.8669,1.1321,47.6057,14602.5435,100.5872,29432.1792,136.5895,3.1266,655.957,3.0567,2.0265,0.8378,655.957,119.332,277.6079,20.6949,31.4567,30.3987
2025-05-07 00:00:01,1746576001,1,4.1645,80.5278,98.3294,441.087,2.0298,1057.9653,1365.1192,1.7488,2.0298,1.9294,1.9558,2.268,137.9097,1.9558,0.4264,3344.8995,1.134,1.4616,7.878,6.4586,1.134,95.6213,15.4713,3.5123,2.268,1.5629,3273.7264,0.9358,1067.3892,8.1741,4896.7061,575.0893,27.2155,110.265,24.953,201.5321,7.4616,66.8119,150.6134,57.4091,17.0097,149.9643,2.5658,0.8492,7.4608,0.8492,3.1078,0.8492,15.3447,0.8492,82.4493,9870.5907,8.7547,236.8703,8.7901,29.5014,7.5345,147.9808,404.4954,18631.796,4.0882,0.8492,95.6211,1482.9701,48112.0945,146.7419,0.8492,179.0365,0.804,162.1805,146.7979,98.9386,4565.9868,1.7495,491.9678,1567.6637,0.3477,0.945,583.4712,24773.8321,101491.2116,340.0515,227.4051,20.6664,6.2004,10.4608,19.5062,5035.0802,61.6747,3225.6937,4025.9195,9.0525,45.102,51.3479,17.5642,1976.3623,22.3198,4.7954,72.4799,20.6664,1818.4006,41.8312,11.6695,152.9941,1.8901,0.436,1.134,4.1559,4.6414,62.9549,319.2175,4.2767,9143.011,4.1277,5.0797,117.2105,92.2098,1640.8645,4.2524,9.6293,16.6657,505.8528,10.8719,1.4616,0.8492,25.7705,25768.8811,647.416,41.5438,5226.6068,24.5,14643.0639,20.6664,37.0286,12.0122,3.9628,3.3943,2.6775,43.8511,7.7462,1.7495,33.9922,3062.4209,46.9473,4147.6634,1.1341,47.6846,14590.1291,103.4528,29480.7474,137.2159,3.0688,655.957,3.0617,2.0298,0.8359,655.957,119.332,278.2212,20.668,31.1173,30.3671
2025-05-08 00:00:02,1746662402,1,4.1603,80.4731,98.0377,442.5867,2.0278,1064.9779,1306.7239,1.7565,2.0278,1.932,1.9558,2.2657,137.6777,1.9558,0.4259,3354.3847,1.1328,1.4647,7.8677,6.49,1.1328,96.0671,15.4734,3.5013,2.2657,1.565,3280.7547,0.9326,1067.2079,8.1888,4897.3294,574.9042,27.188,110.265,24.9189,201.3284,7.4619,66.8483,150.5988,57.4642,16.9925,151.7193,2.5631,0.8505,7.4604,0.8506,3.118,0.8505,15.2342,0.8505,82.5809,9884.2231,8.7442,237.3788,8.7954,29.5186,7.5345,148.2985,404.1931,18775.3017,4.0637,0.8505,96.0793,1486.1538,48272.0926,146.3425,0.8505,180.4599,0.8032,162.6588,146.8034,99.3034,4516.3636,1.7566,491.9678,1580.358,0.348,0.944,584.897,24736.2251,101388.6343,339.675,227.2009,20.6648,6.1958,10.4639,19.516,5032.6672,61.6823,3214.1838,4053.4922,9.062,45.2224,51.4525,17.5571,1979.0702,22.2241,4.8043,72.594,20.6648,1824.2165,41.8148,11.6958,153.7074,1.9009,0.4356,1.1328,4.148,4.6904,62.8748,318.6124,4.272,9138.7628,4.1235,5.0982,117.222,91.6792,1643.9333,4.2481,9.6126,16.6437,507.6788,10.9182,1.4648,0.8505,25.8055,25803.6958,648.806,41.6479,5230.9329,24.5,14633.6759,20.6648,37.1548,11.8366,3.9781,3.3941,2.666,43.8014,7.7226,1.7566,34.402,3065.9543,47.0647,4152.4776,1.1329,47.5826,14625.1718,104.4548,29380.2402,136.41,2.9989,655.957,3.0587,2.0278,0.8364,655.957,119.332,277.7622,20.6521,30.5531,30.469
2025-05-09 00:00:02,1746748802,1,4.1341,79.6816,98.1684,440.1316,2.015,1057.4638,1257.9503,1.7566,2.015,1.921,1.9558,2.2514,136.7456,1.9558,0.4233,3344.5289,1.1257,1.4619,7.8304,6.4828,1.1257,96.1852,15.3663,3.4707,2.2514,1.5647,3306.3048,0.9332,1068.3779,8.1567,4865.1521,573.9558,27.0164,110.265,24.9092,200.0574,7.4604,66.4352,150.0403,57.1578,16.8852,151.5543,2.5606,0.848,7.4605,0.8481,3.1007,0.848,15.0302,0.848,82.2848,9848.0763,8.6968,236.9706,8.7487,29.3348,7.5345,148.2331,405.2821,18597.5475,4.0236,0.848,96.1862,1483.5983,48023.7284,146.5046,0.848,179.8622,0.7981,163.5884,146.1274,98.7423,4567.9211,1.7565,491.9678,1579.2723,0.3457,0.9381,581.9571,24570.982,100748.5929,337.2899,225.9693,20.4606,6.1878,10.4207,19.3691,5031.7797,61.689,3182.3413,4044.2965,9.0114,45.1329,51.105,17.4618,1971.9972,21.9824,4.8205,72.3338,20.4606,1818.0415,41.5799,11.7076,153.8963,1.9023,0.4328,1.1257,4.1067,4.6251,62.74,317.224,4.2597,9082.3287,4.0975,5.1206,117.2168,92.6512,1638.5927,4.2213,9.5302,16.2708,506.8058,10.9264,1.4621,0.848,25.6418,25640.3868,647.6903,41.5763,5204.8406,24.5,14555.8488,20.4606,37.0884,11.8861,3.9533,3.3829,2.6419,43.5269,7.6538,1.7565,34.0504,3059.1539,46.8979,4141.03,1.1257,47.2092,14525.6123,104.6484,29139.0086,135.4234,3.0854,655.957,3.0393,2.015,0.835,655.957,119.332,276.4987,20.4673,30.1807,30.3436
2025-05-10 00:00:02,1746835202,1,4.1336,79.6651,98.2083,440.1929,2.0147,1053.2558,1253.3873,1.7554,2.0147,1.9221,1.9558,2.2511,136.752,1.9558,0.4232,3317.6958,1.1255,1.4608,7.8414,6.3743,1.1255,96.1774,15.3749,3.4395,2.2511,1.5675,3306.3048,0.935,1056.7324,8.1516,4875.4925,574.7038,27.0131,110.265,24.9477,200.0334,7.4564,66.503,150.1444,56.9842,16.8832,151.5515,2.5574,0.8466,7.4564,0.8466,3.1011,0.8466,15.0512,0.8466,81.9877,9792.598,8.7045,236.9706,8.7545,29.3753,7.5345,148.2331,404.759,18623.8903,4.0001,0.8466,96.1776,1483.5983,48120.7679,146.8427,0.8466,179.2833,0.798,163.517,145.5737,98.7647,4567.9211,1.7554,491.9678,1575.1867,0.3456,0.938,582.3363,24666.6765,100736.512,336.464,226.239,20.4948,6.1878,10.42,19.3559,5022.7725,61.683,3904.9921,4032.7976,9.0171,45.1329,51.3144,17.4839,1968.9949,21.9336,4.8346,72.0733,20.4948,1809.5849,41.6269,11.6629,153.8839,1.904,0.4328,1.1255,4.1048,4.6262,62.4018,317.8338,4.2372,9104.9573,4.097,5.1184,117.2096,93.3504,1636.3284,4.2208,9.4947,16.5253,506.8058,10.9227,1.4608,0.8466,25.6381,25638.0533,647.6903,41.5763,5182.2217,24.5,14517.4678,20.4948,37.0863,11.8861,3.9533,3.3864,2.6381,43.5908,7.6538,1.7554,33.9869,3046.463,46.9263,4118.8574,1.1255,47.2546,14521.8749,104.8026,29241.2418,135.4,3.0921,655.957,3.039,2.0147,0.8348,655.957,119.332,276.738,20.4884,30.0495,30.1133
2025-05-11 00:00:01,1746921601,1,4.1334,79.6656,98.2072,440.1891,2.0147,1052.9838,1253.3398,1.7558,2.0147,1.9221,1.9558,2.251,136.8073,1.9558,0.4232,3317.0663,1.1255,1.4608,7.8411,6.3781,1.1255,96.1698,15.371,3.4401,2.251,1.5669,3306.3048,0.9349,1056.6207,8.1513,4875.2097,574.6833,27.0121,110.265,24.9456,200.0259,7.4592,66.5011,150.1416,57.002,16.8826,151.5475,2.5574,0.8466,7.4592,0.8466,3.1011,0.8466,15.0495,0.8466,82.0042,9798.1416,8.7043,236.9706,8.7539,29.3741,7.5345,148.2331,404.6796,18615.5911,4.0043,0.8466,96.1701,1483.5983,48114.5214,146.8283,0.8466,179.33,0.798,163.4696,145.5733,98.7633,4567.9211,1.7558,491.9678,1575.6654,0.3455,0.9379,582.4415,24664.0597,100732.6951,336.4477,226.2316,20.4892,6.1878,10.4216,19.3565,5022.7145,61.6932,3384.137,4033.0761,9.0165,45.1329,51.2204,17.4833,1968.6601,21.9182,4.8348,72.0877,20.4892,1809.5207,41.6256,11.6632,153.8716,1.9042,0.4328,1.1255,4.108,4.6262,62.4165,317.9202,4.2384,9104.3385,4.0968,5.1182,117.2095,93.3224,1634.9106,4.2206,9.4962,16.5225,506.8058,10.9222,1.4608,0.8466,25.6371,25637.0823,647.6903,41.5763,5182.2217,24.5,14518.5173,20.4892,37.0707,11.8861,3.9533,3.3861,2.6381,43.578,7.6538,1.7558,33.9967,3045.7568,46.9261,4118.6605,1.1255,47.2534,14522.1182,104.8026,29248.8945,135.4002,3.0917,655.957,3.0389,2.0147,0.8348,655.957,119.332,276.7315,20.485,30.0594,30.1133
2025-05-12 00:00:01,1747008001,1,4.1272,78.9877,98.2705,438.2814,2.0116,1041.5878,1251.4566,1.7498,2.0116,1.9124,1.9558,2.2476,136.4951,1.9558,0.4226,3343.2182,1.1238,1.4576,7.794,6.3513,1.1238,95.8863,15.3082,3.644,2.2476,1.5619,3256.6132,0.9359,1054.16,8.125,4754.0464,571.2175,26.9715,110.265,24.939,199.7253,7.461,66.1476,149.6546,56.8797,16.8572,152.1194,2.554,0.8458,7.461,0.8457,3.0859,0.8458,14.8339,0.8458,81.7954,9845.6948,8.6533,235.3108,8.7421,29.206,7.5345,147.1445,404.087,18573.1453,3.985,0.8458,95.887,1475.2179,49079.7866,146.8676,0.8458,178.9046,0.7968,163.6933,145.3511,98.4289,4483.1299,1.7499,491.9678,1572.6845,0.3451,0.9365,580.7885,24488.6947,100581.3352,335.35,224.951,20.4553,6.1645,10.4056,19.3113,5007.5592,61.6932,3178.5985,4027.7025,9.0059,44.8138,51.3569,17.3801,1953.5811,21.8531,4.8289,71.8998,20.4553,1808.3682,41.3799,11.6532,153.4181,1.8994,0.4321,1.1238,4.0985,4.6421,62.292,315.8454,4.2314,9051.842,4.0907,5.1186,117.1885,92.964,1606.6794,4.2143,9.5877,16.0544,503.2085,10.9157,1.4576,0.8458,25.5986,25597.7424,642.8324,41.223,5182.2217,24.5,14496.9316,20.4553,37.1058,11.8861,3.9533,3.3801,2.6645,43.5141,7.6388,1.7499,33.9347,3033.813,46.7271,4111.816,1.1237,47.0154,14403.908,104.8026,29170.0236,135.4118,3.0854,655.957,3.0343,2.0116,0.8349,655.957,119.332,275.065,20.4524,29.6444,30.1133
2025-05-13 00:00:02,1747094402,1,4.0808,78.515,98.1519,433.5711,1.989,1049.602,1251.1959,1.7409,1.989,1.901,1.9558,2.2224,135.0843,1.9558,0.4178,3343.8334,1.1112,1.4503,7.7444,6.2986,1.1112,94.2674,15.2402,3.468,2.2224,1.5525,3252.3208,0.9373,1044.4724,8.0024,4718.4513,567.3529,26.6685,110.265,24.9745,197.4812,7.4611,65.7474,149.0832,56.1469,16.6678,151.9472,2.5331,0.8426,7.4602,0.8426,3.0555,0.8426,14.5286,0.8426,81.1877,9725.3177,8.6019,235.0007,8.6542,29.0327,7.5345,146.8879,405.3246,18318.1292,3.9579,0.8426,94.2825,1473.2735,47698.4395,146.7798,0.8426,177.5911,0.7878,164.4866,144.3263,97.4022,4477.2208,1.7408,491.9678,1576.0145,0.342,0.926,569.7904,24349.0009,99451.1857,332.5259,223.5438,20.2784,6.1544,10.368,19.1974,5010.4518,61.6932,3149.5108,3950.6576,8.9131,44.7373,50.8562,17.2716,1947.1603,21.7657,4.7774,71.2358,20.2784,1800.6881,41.134,11.5966,150.8279,1.8925,0.4272,1.1112,4.0628,4.615,61.8336,312.7397,4.241,8989.9955,4.0447,5.1003,117.1983,89.961,1625.9188,4.1669,9.3621,16.0083,501.8137,10.8949,1.4502,0.8426,25.3126,25309.9001,641.9851,41.1539,5117.7604,24.5,14412.0451,20.2784,37.1381,11.6689,3.9533,3.373,2.6356,43.0607,7.55,1.7408,33.7625,3024.131,46.2714,4095.3507,1.1113,46.7233,14323.7587,103.4788,28832.2135,133.6161,3.0597,655.957,3.0002,1.989,0.8284,655.957,119.332,273.3363,20.2811,29.5112,30.1307
2025-05-14 00:00:02,1747180802,1,4.0993,77.788,98.2755,431.2496,1.998,1042.3609,1256.4874,1.7298,1.998,1.8886,1.9558,2.2324,134.8396,1.9558,0.4197,3289.6573,1.1162,1.4538,7.6903,6.2901,1.1162,94.7976,15.2848,3.4109,2.2324,1.5577,3223.6698,0.9384,1051.593,8.0198,4687.4064,564.4533,26.7891,110.265,24.936,198.3745,7.4601,65.2871,148.6252,56.0815,16.7432,147.9954,2.5299,0.8412,7.4601,0.8412,3.0458,0.8412,14.2158,0.8412,80.8899,9695.0032,8.546,232.4551,8.6949,28.8735,7.5345,145.2844,404.5738,18410.5121,3.9767,0.8412,94.9031,1454.0809,47237.0909,146.516,0.8412,177.2708,0.7914,164.8217,143.6542,97.0308,4437.7792,1.7299,491.9678,1580.7645,0.3424,0.9302,567.923,24201.8253,99901.0586,333.0262,222.1439,20.467,6.1036,10.3851,19.224,5007.7013,61.6882,3154.1415,3966.3716,8.9561,44.0517,51.3809,17.1699,1941.4537,21.7299,4.8138,71.1079,20.467,1781.5804,40.8744,11.5878,151.6762,1.8839,0.4292,1.1162,4.076,4.598,62.1938,314.6014,4.2434,8936.8039,4.063,5.1033,117.2177,89.5006,1612.2392,4.1858,9.3059,15.8116,496.6701,10.8697,1.4543,0.8412,25.4383,25425.5409,635.1468,40.7281,5125.4252,24.5,14337.6938,20.467,37.0967,11.688,3.8857,3.3739,2.6509,43.3124,7.5387,1.7299,33.9251,3003.6092,46.0697,4069.284,1.1167,46.3788,14328.9943,104.5069,29015.4325,134.4385,3.0702,655.957,3.0138,1.998,0.8276,655.957,119.332,271.6063,20.4641,29.4954,29.8491
2025-05-15 00:00:02,1747267202,1,4.1103,78.8251,98.4392,435.2041,2.0034,1052.9395,1264.5306,1.7373,2.0034,1.9089,1.9558,2.2384,136.1166,1.9558,0.4208,3312.4132,1.1192,1.4557,7.7726,6.2924,1.1192,95.6659,15.3129,3.457,2.2384,1.5632,3245.6415,0.9404,1056.2827,8.0731,4727.4794,569.8977,26.8613,110.265,24.9305,198.9092,7.461,66.0113,149.579,56.5255,16.7883,151.1306,2.5403,0.8426,7.4608,0.8426,3.0768,0.8426,14.0714,0.8426,81.5518,9771.8118,8.6259,234.1988,8.7377,29.1503,7.5345,146.4615,403.5563,18565.3624,3.9772,0.8426,95.6726,1463.9915,47717.2134,145.2201,0.8426,178.5137,0.7935,164.0538,145.0189,98.0364,4468.026,1.7372,491.9678,1570.6033,0.3448,0.9327,569.4974,24448.4877,100170.3657,334.5277,224.4875,20.4269,6.1767,10.4131,19.4856,4998.6102,61.683,3168.7935,4033.8013,9.0001,44.605,51.2985,17.3401,1956.8125,21.6957,4.8121,71.6865,20.4269,1794.7172,41.2841,11.6019,153.0654,1.8937,0.4303,1.1192,4.1122,4.6041,62.5324,315.3564,4.2361,9021.3112,4.074,5.1046,117.2127,90.0535,1624.8808,4.1971,9.5609,16.4756,500.7831,10.8934,1.4557,0.8426,25.4603,25460.1729,639.4758,41.0792,5168.6384,24.5,14476.9356,20.4269,37.3657,11.8225,3.9319,3.3832,2.6363,43.4409,7.6286,1.7372,33.9657,3025.142,46.6987,4098.8642,1.1192,46.888,14503.7623,105.5881,29056.0531,134.0517,3.0627,655.957,3.0219,2.0034,0.8304,655.957,119.332,274.3564,20.4196,29.8227,30.0518
2025-05-16 00:00:01,1747353601,1,4.1106,78.6532,98.3283,433.7502,2.0035,1052.0111,1270.9459,1.7468,2.0035,1.9045,1.9558,2.2386,136.0588,1.9558,0.4209,3324.0792,1.1193,1.4523,7.7475,6.3121,1.1193,95.7299,15.2118,3.4521,2.2386,1.5631,3246.0755,0.9359,1055.466,8.0665,4707.8363,568.0548,26.8628,110.265,24.9296,198.9201,7.4605,65.8753,149.152,56.1595,16.7892,151.3539,2.5456,0.8416,7.4605,0.8416,3.0707,0.8416,13.8911,0.8416,81.4332,9758.231,8.6033,234.2301,8.7355,29.0843,7.5345,146.3564,403.1329,18459.9794,3.9729,0.8416,95.73,1464.1872,47630.2362,144.8054,0.8416,178.5211,0.7936,163.0746,144.768,97.8558,4468.6234,1.7468,491.9678,1564.8047,0.3439,0.9327,571.8787,24410.9665,100175.8329,333.9009,224.0345,20.1838,6.1776,10.3961,19.4297,5012.5641,61.6649,3164.7103,4015.3624,8.9976,44.6109,51.3603,17.3073,1953.9307,21.7735,4.7959,71.5828,20.1838,1793.3299,41.1857,11.6585,153.1678,1.9048,0.4304,1.1193,4.1153,4.596,62.3946,315.3345,4.2442,9007.6693,4.0742,5.1054,117.241,89.7875,1622.3736,4.1973,9.4807,16.3238,500.8501,10.8946,1.4523,0.8416,25.4616,25462.2008,639.5613,40.7104,5155.7187,24.5,14444.2467,20.1838,37.2068,11.6618,3.922,3.3794,2.6558,43.4332,7.6037,1.7468,33.7746,3026.0896,46.4586,4094.8644,1.1193,46.6555,14472.5711,105.5279,29027.7203,133.9009,3.0721,655.957,3.0221,2.0035,0.8298,655.957,119.332,273.6856,20.1832,29.8745,30.0649
2025-05-17 00:00:02,1747440002,1,4.1017,78.5672,98.3443,432.9318,1.9992,1050.8048,1280.1332,1.7436,1.9992,1.9035,1.9558,2.2338,135.6812,1.9558,0.4199,3307.2362,1.1169,1.4516,7.7502,6.3522,1.1169,95.6128,15.2354,3.3871,2.2338,1.5608,3246.0755,0.9359,1052.6145,8.0561,4710.2299,567.9447,26.8051,110.265,24.9162,198.4928,7.4587,65.8767,149.0681,56.1258,16.7532,151.3671,2.5458,0.8414,7.4587,0.8414,3.0685,0.8414,13.8708,0.8414,81.438,9733.3202,8.603,234.2301,8.7288,29.0995,7.5345,146.3564,402.6108,18368.2579,3.9673,0.8414,95.6134,1464.1872,47322.2576,145.8678,0.8414,177.9585,0.7919,162.7771,144.7808,97.7986,4468.6234,1.7429,491.9678,1562.6212,0.3429,0.9307,570.0642,24481.5743,99960.6666,334.5115,224.0254,20.1725,6.1776,10.3785,19.4939,5023.1735,61.6273,3866.8491,4002.0952,8.9906,44.6109,51.2424,17.3087,1957.1265,21.7542,4.8049,71.5883,20.1725,1792.646,41.1929,11.6036,152.9805,1.8976,0.4294,1.1169,4.1188,4.589,62.3082,314.2187,4.2574,9027.6785,4.0654,5.1057,117.2403,89.9997,1629.4067,4.1883,9.4323,16.0423,500.8501,10.9146,1.4516,0.8414,25.4069,25406.8493,639.5613,40.7104,5155.6983,24.5,14398.6854,20.1725,37.2599,11.6561,3.9176,3.3763,2.6532,43.3734,7.6037,1.7429,33.7083,3023.3216,46.464,4093.7356,1.1169,46.6528,14467.7536,105.6352,28929.9445,133.8554,3.0757,655.957,3.0156,1.9992,0.8296,655.957,119.332,273.614,20.1577,30.0974,30.114
2025-05-18 00:00:01,1747526401,1,4.102,78.5694,98.3439,432.9719,1.9994,1050.1937,1280.222,1.7441,1.9994,1.9035,1.9558,2.2339,135.7517,1.9558,0.42,3306.8642,1.117,1.4519,7.7501,6.356,1.117,95.6684,15.2187,3.3907,2.2339,1.5613,3246.0755,0.9356,1052.5939,8.0569,4710.1692,567.9475,26.807,110.265,24.9178,198.5066,7.4599,65.8767,149.0702,56.1246,16.7543,151.2715,2.5455,0.8413,7.4599,0.8413,3.0686,0.8413,13.8714,0.8413,81.4364,9737.6787,8.6031,234.2301,8.7334,29.0991,7.5345,146.3564,402.7816,18379.8768,3.967,0.8413,95.6689,1464.1872,47370.6135,145.8581,0.8413,178.0162,0.7919,162.7127,144.7847,97.8025,4468.6234,1.7427,491.9678,1562.9168,0.343,0.9308,570.1584,24479.7821,99967.6063,334.4558,224.0256,20.1701,6.1776,10.3801,19.4864,5022.6578,61.6058,3350.4434,4002.0159,8.9954,44.6109,51.164,17.3087,1956.5396,21.7541,4.8046,71.5866,20.1701,1792.6361,41.1927,11.6121,153.0694,1.8976,0.4295,1.117,4.1182,4.5892,62.3243,314.331,4.2577,9027.1706,4.0657,5.1055,117.2403,90.054,1628.1561,4.1886,9.4342,16.0568,500.8501,10.9155,1.4519,0.8413,25.4087,25408.6142,639.5613,40.7104,5155.6983,24.5,14399.8419,20.1701,37.2445,11.6561,3.9176,3.3767,2.6532,43.381,7.6037,1.7427,33.7157,3022.0208,46.4659,4093.3613,1.117,46.6528,14464.308,105.6352,28948.8215,133.8557,3.0755,655.957,3.0158,1.9994,0.8296,655.957,119.332,273.6158,20.1566,30.0846,30.114
2025-05-19 00:00:01,1747612801,1,4.1059,78.3211,98.1473,431.8275,2.0012,1032.2937,1281.4353,1.7452,2.0012,1.9003,1.9558,2.236,135.8783,1.9558,0.4204,3325.12,1.118,1.4533,7.7332,6.3619,1.118,95.6156,15.17,3.5806,2.236,1.5607,3236.3585,0.9351,1053.1878,8.0617,4700.3273,566.2061,26.8324,110.265,24.9065,198.6948,7.4593,65.7903,149.0424,56.0396,16.7702,150.3155,2.5398,0.8419,7.4606,0.8418,3.0606,0.8419,13.7521,0.8419,81.2033,9786.0493,8.5838,233.5289,8.7351,29.0537,7.5345,146.0426,402.7835,18399.7571,3.9709,0.8419,95.5977,1459.8043,48479.0157,145.9111,0.8419,177.7848,0.7927,162.5607,144.5002,97.6853,4455.2468,1.7456,491.9678,1564.1279,0.3433,0.9317,569.2871,24356.1214,100062.3475,334.201,223.534,20.2008,6.1591,10.3852,19.3359,5039.8628,61.6058,3164.4713,4010.1946,8.9982,44.4428,51.4119,17.274,1941.7697,21.7649,4.8052,71.1029,20.2008,1792.8497,41.1222,11.6097,152.9849,1.8989,0.4299,1.118,4.1204,4.6271,62.413,314.9318,4.2671,8986.4938,4.0696,5.1051,117.2425,90.5154,1598.3293,4.1926,9.5619,16.1593,499.3508,10.9025,1.4531,0.8419,25.431,25437.42,637.6468,41.1978,5155.6983,24.5,14415.9583,20.2008,37.1863,11.6561,3.9176,3.3696,2.6581,43.4802,7.5892,1.7456,33.784,3013.6007,46.481,4086.9055,1.1179,46.5652,14345.9551,105.6352,28995.781,135.0183,3.1007,655.957,3.0186,2.0012,0.8296,655.957,119.332,273.1065,20.1931,30.0341,30.114
2025-05-20 00:00:01,1747699201,1,4.1262,78.9159,98.3277,434.504,2.0111,1051.1712,1274.3633,1.7431,2.0111,1.9133,1.9558,2.2471,136.588,1.9558,0.4224,3310.8384,1.1235,1.4556,7.7791,6.3806,1.1235,96.024,15.2754,3.475,2.2471,1.5679,3241.8302,0.938,1062.4944,8.1065,4721.8427,569.1716,26.9647,110.265,24.8942,199.6748,7.4601,66.2047,149.4596,56.1834,16.8529,150.2532,2.5508,0.8413,7.46,0.8412,3.0822,0.8413,13.806,0.8413,81.5892,9776.541,8.6304,234.0831,8.7882,29.2446,7.5345,146.3518,402.3132,18489.3519,3.9791,0.8413,96.0107,1468.5214,47834.7452,145.9054,0.8413,178.4226,0.7966,162.8921,145.1508,98.2899,4462.7792,1.7432,491.9678,1563.2021,0.3453,0.9363,574.8213,24485.2663,100555.8841,336.4814,224.7638,20.3065,6.1715,10.4071,19.5504,5044.9573,61.6058,3185.7619,4003.5749,9.0518,44.5295,51.5079,17.3739,1957.5352,21.7422,4.8275,71.6383,20.3065,1799.6483,41.3578,11.5883,153.6384,1.8969,0.432,1.1235,4.143,4.6665,62.6682,316.3982,4.2591,9037.4316,4.0896,5.0378,117.3919,90.6424,1627.2318,4.2132,9.5984,16.4655,500.1951,10.889,1.4555,0.8413,25.558,25558.6785,639.9143,41.2823,5199.9508,24.5,14493.2938,20.3065,37.2087,11.7211,3.946,3.382,2.6711,43.6624,7.6664,1.7432,33.8494,3034.9765,46.8821,4103.0351,1.1235,46.8906,14495.0209,106.7428,29175.9863,135.8503,3.0695,655.957,3.0335,2.0111,0.832,655.957,119.332,274.4901,20.3065,30.2437,30.0562
2025-05-21 00:00:02,1747785602,1,4.1378,78.849,97.952,433.3212,2.0168,1054.3351,1286.7001,1.7558,2.0168,1.9109,1.9558,2.2534,137.1808,1.9558,0.4236,3332.2249,1.1267,1.4592,7.795,6.3538,1.1267,96.2267,15.2346,3.4609,2.2534,1.5695,3257.2453,0.9352,1055.3984,8.1309,4674.3163,568.7052,27.041,110.265,24.9056,200.2396,7.461,66.2413,149.3945,56.0861,16.9006,150.9454,2.551,0.8422,7.4601,0.8422,3.0807,0.8422,13.6443,0.8422,81.7898,9796.525,8.6304,235.3565,8.8198,29.2548,7.5345,147.2358,402.3797,18484.9472,3.9786,0.8422,96.2267,1475.5043,47808.2938,145.8143,0.8422,178.9843,0.7988,162.8516,145.2797,98.3383,4484.0,1.7558,491.9678,1568.5052,0.3453,0.9389,575.755,24517.4017,100840.3317,337.7117,224.7926,20.2322,6.1776,10.407,19.5786,5053.5459,61.6193,3192.3551,4031.0572,9.082,44.7818,51.448,17.3718,1961.3587,21.7231,4.8298,71.7981,20.2322,1806.363,41.3814,11.5776,153.9626,1.9042,0.4332,1.1267,4.1545,4.6333,62.7331,317.781,4.2428,9041.7377,4.1012,5.0699,117.2515,90.8274,1629.6394,4.2252,9.6159,16.146,502.5735,10.8792,1.4593,0.8422,25.6313,25630.1547,642.9572,41.118,5199.2771,24.5,14486.2028,20.2322,37.1274,11.6564,3.9361,3.3813,2.6522,43.7726,7.6314,1.7558,33.9542,3033.1514,46.6491,4112.2271,1.1268,47.0769,14460.2257,106.575,29278.7064,135.9842,3.1069,655.957,3.0421,2.0168,0.8316,655.957,119.332,274.2388,20.2334,30.4449,30.2559
2025-05-22 00:00:02,1747872002,1,4.1588,79.0392,98.0051,436.5003,2.027,1056.4041,1296.6087,1.7586,2.027,1.9271,1.9558,2.2648,137.8255,1.9558,0.4258,3359.8092,1.1324,1.4605,7.8374,6.4165,1.1324,96.9604,15.3216,3.4916,2.2648,1.5705,3277.2547,0.9349,1068.9744,8.1552,4741.7673,573.7306,27.1778,110.265,24.8893,201.2529,7.4604,66.7289,150.1652,56.4319,16.9861,151.4971,2.5639,0.8439,7.4604,0.844,3.1058,0.8439,13.488,0.8439,82.391,9862.4334,8.6925,237.7748,8.871,29.4664,7.5345,148.2668,402.5852,18585.5987,4.0262,0.8439,96.9605,1484.5684,48187.5192,144.5976,0.8439,178.9861,0.8029,162.8651,146.3859,99.1544,4511.5455,1.7586,491.9678,1562.8454,0.3476,0.9437,577.6602,24606.5268,101350.6328,339.3874,226.4324,20.3301,6.2098,10.4471,19.6868,5056.4459,61.6334,3208.9631,4027.4367,9.1365,45.1096,51.3556,17.5114,1974.5652,21.9253,4.8355,72.3207,20.3301,1807.9268,41.6565,11.5178,155.1366,1.9079,0.4354,1.1324,4.1721,4.6855,63.0005,319.2755,4.2424,9087.7202,4.122,5.0727,117.2238,90.5528,1641.0418,4.2465,9.6771,16.1817,506.398,10.8464,1.4605,0.8439,25.8424,25842.8273,646.9069,41.4941,5236.5811,24.5,14593.7483,20.3301,37.0602,11.7576,3.9718,3.3875,2.6689,44.0242,7.6805,1.7586,34.0293,3059.6281,46.9519,4140.4529,1.1325,47.2072,14583.9759,107.6526,29404.039,136.8372,3.0427,655.957,3.0575,2.027,0.8343,655.957,119.332,276.3128,20.3305,30.7977,30.4665
2025-05-23 00:00:01,1747958401,1,4.1463,79.1638,98.0745,435.0371,2.0209,1056.4123,1291.1049,1.7594,2.0209,1.9223,1.9558,2.258,137.5688,1.9558,0.4245,3367.8003,1.129,1.4586,7.8351,6.376,1.129,97.0746,15.2855,3.4706,2.258,1.5646,3277.8302,0.9345,1067.1508,8.1354,4738.8941,575.047,27.0961,110.265,24.9087,200.6475,7.4591,66.7674,149.939,56.3225,16.935,151.9498,2.5631,0.8413,7.4601,0.8413,3.0935,0.8413,13.2395,0.8413,82.2431,9842.9006,8.6858,237.0055,8.8344,29.4543,7.5345,148.2295,403.2858,18434.6968,4.0531,0.8413,97.0719,1484.8291,48037.0221,144.6786,0.8413,179.6172,0.8005,162.2987,146.1553,98.8399,4512.3377,1.7595,491.9678,1561.2304,0.3464,0.9408,573.0144,24601.5251,101045.7406,338.1743,226.318,20.3188,6.188,10.4289,19.5718,5086.4953,61.619,3203.829,4007.4342,9.0996,45.0824,51.1399,17.4926,1970.6144,21.8349,4.83,72.1761,20.3188,1802.1905,41.6394,11.5128,155.3193,1.9125,0.4341,1.129,4.1426,4.6366,62.9339,318.3002,4.2482,9090.8601,4.1096,5.0614,117.2659,89.9654,1637.2591,4.2338,9.6462,16.5795,506.4869,10.8673,1.4585,0.8413,25.7638,25764.589,647.0205,41.6407,5217.5862,24.5,14577.689,20.3188,37.0796,11.7055,3.9526,3.3797,2.657,44.0274,7.6775,1.7595,33.9255,3065.0908,46.9109,4132.0829,1.129,47.1169,14546.3192,107.1794,29347.386,136.2682,3.115,655.957,3.0483,2.0209,0.8336,655.957,119.332,275.9757,20.3162,30.8047,30.4718
2025-05-24 00:00:01,1748044801,1,4.1675,79.1943,98.0712,435.9622,2.0313,1057.0043,1290.2611,1.7529,2.0313,1.928,1.9558,2.2696,138.1795,1.9558,0.4267,3364.4869,1.1348,1.4585,7.8446,6.4704,1.1348,96.702,15.2569,3.4283,2.2696,1.5617,3277.8302,0.933,1069.3541,8.1427,4747.6451,575.5355,27.2351,110.265,24.8655,201.6768,7.4629,66.8157,149.9739,56.4458,17.0219,151.5791,2.5625,0.8401,7.4629,0.8401,3.1016,0.8401,12.3913,0.8401,82.3728,9836.958,8.6909,237.0055,8.8855,29.4704,7.5345,148.2295,403.3234,18387.2666,4.093,0.8401,96.7022,1484.8291,47989.427,144.9625,0.8401,179.7122,0.8046,161.982,146.2446,98.1733,4512.3377,1.7529,491.9678,1553.0706,0.3476,0.9457,578.5784,24693.0028,101564.0856,338.6592,226.4571,20.2776,6.188,10.443,19.6544,5097.6116,61.6203,3925.0362,4079.6441,9.1513,45.0824,51.4446,17.5029,1977.6095,21.8727,4.8092,72.2593,20.2776,1799.6058,41.6632,11.4807,154.7233,1.9007,0.4363,1.1348,4.1533,4.638,62.878,319.9524,4.2576,9113.0859,4.1307,5.0545,117.2528,90.2932,1646.2355,4.2555,9.6486,16.786,506.4869,10.8245,1.4585,0.8401,25.8969,25896.8242,647.0205,41.6407,5233.1013,24.5,14535.1471,20.2776,36.8746,12.1182,3.9711,3.3814,2.653,44.2474,7.6775,1.7529,33.999,3061.8222,47.0142,4131.52,1.1348,47.1229,14580.9484,107.7958,29497.2591,136.2207,3.1166,655.957,3.0639,2.0313,0.8343,655.957,119.332,276.1603,20.2776,31.0279,30.4505
2025-05-25 00:00:01,1748131201,1,4.1661,79.1935,98.0713,435.9081,2.0306,1056.6586,1289.8139,1.7542,2.0306,1.9278,1.9558,2.2688,138.1337,1.9558,0.4265,3361.3148,1.1344,1.4587,7.8444,6.4726,1.1344,96.7135,15.2562,3.4314,2.2688,1.5623,3277.8302,0.9337,1069.3595,8.1414,4747.4058,575.5222,27.2256,110.265,24.8721,201.6069,7.4611,66.8144,149.9729,56.4419,17.016,149.1424,2.5625,0.8401,7.4611,0.8401,3.101,0.8401,12.4367,0.8401,82.3736,9840.9157,8.6907,237.0055,8.8808,29.47,7.5345,148.2295,403.397,18387.2623,4.0909,0.8401,96.7138,1484.8291,48023.9622,144.9524,0.8401,179.7088,0.8043,162.0078,146.2287,98.2271,4512.3377,1.7542,491.9678,1553.5482,0.3475,0.9453,578.7125,24690.5011,101528.8836,338.6245,226.4533,20.2814,6.188,10.4433,19.6468,5095.9055,61.6402,3398.2568,4076.8713,9.1461,45.0824,51.4571,17.5027,1976.9681,21.8732,4.8102,72.2662,20.2814,1799.6007,41.6625,11.4866,154.7416,1.9024,0.4362,1.1344,4.1547,4.6379,62.8651,319.9559,4.2565,9112.4781,4.1292,5.0546,117.2536,90.2824,1644.9324,4.254,9.6485,16.769,506.4869,10.829,1.4587,0.8401,25.888,25887.8481,647.0205,41.6407,5233.1013,24.5,14536.3105,20.2814,36.8574,12.0977,3.9711,3.3803,2.653,44.2359,7.6775,1.7542,33.9834,3060.9221,47.0151,4131.5742,1.1344,47.1227,14577.0461,107.7958,29494.8535,136.221,3.1165,655.957,3.0629,2.0306,0.8343,655.957,119.332,276.1552,20.2814,31.0175,30.4505
2025-05-26 00:00:02,1748217602,1,4.174,79.4,98.3435,436.6883,2.0344,1047.0416,1292.2489,1.7504,2.0344,1.9302,1.9558,2.2731,138.1944,1.9558,0.4273,3380.1748,1.1365,1.4608,7.8605,6.4364,1.1365,96.7589,15.2501,3.6468,2.2731,1.5618,3285.1321,0.9346,1068.8018,8.1517,4720.2345,576.5543,27.277,110.265,24.8564,201.9875,7.4595,67.0413,150.2476,56.5783,17.0481,153.3507,2.5605,0.8405,7.4602,0.8404,3.1079,0.8405,12.0494,0.8405,82.6265,9927.4217,8.7138,238.1833,8.9,29.5506,7.5345,148.5597,403.9407,18362.6862,4.1027,0.8405,96.7345,1488.1368,49312.8708,145.045,0.8405,180.5303,0.8058,162.2504,146.6585,99.1203,4522.3896,1.7502,491.9678,1555.1874,0.348,0.9471,582.0872,24670.602,101720.556,339.7094,227.0593,20.2741,6.209,10.443,19.6549,5113.5875,61.6402,3204.9799,4087.2961,9.1675,45.2004,51.5557,17.5533,1969.6722,21.8602,4.8067,72.2908,20.2741,1803.446,41.7803,11.4916,154.8143,1.8983,0.437,1.1365,4.1577,4.6533,62.9355,321.7534,4.2494,9109.0101,4.137,5.0531,117.2152,90.3521,1619.7334,4.262,9.7093,16.6274,508.3562,10.817,1.4607,0.8405,25.9357,25940.9982,649.6716,42.1426,5233.1013,24.5,14622.0404,20.2741,36.9591,12.1035,3.9711,3.3864,2.6955,44.3573,7.7087,1.7502,34.0255,3056.0026,47.1313,4140.8075,1.1365,47.2334,14528.4754,107.7958,29510.5566,137.0857,3.0703,655.957,3.0687,2.0344,0.8343,655.957,119.332,276.8473,20.2743,31.349,30.4505
2025-05-27 00:00:01,1748304001,1,4.1825,79.534,98.5911,438.0589,2.0386,1066.8861,1298.126,1.754,2.0386,1.937,1.9558,2.2778,138.8227,1.9558,0.4282,3392.0874,1.1389,1.462,7.8644,6.4425,1.1389,96.8643,15.3375,3.6891,2.2778,1.5637,3296.0849,0.9349,1070.6214,8.1775,4723.7508,578.4668,27.333,110.265,24.8709,202.4023,7.4593,67.0847,150.6568,56.7225,17.0832,154.5228,2.5626,0.8396,7.4589,0.8396,3.119,0.8396,12.0955,0.8396,82.884,9912.7302,8.7414,238.9774,8.9216,29.647,7.5345,149.1823,403.5118,18448.567,4.0532,0.8396,96.8643,1493.0983,49656.9118,144.7773,0.8396,180.9389,0.8075,162.4998,147.2338,99.6141,4537.4675,1.7538,491.9678,1559.3634,0.3487,0.9491,582.0513,24742.7471,101929.475,340.9771,227.7987,20.324,6.2328,10.474,19.6793,5092.5146,61.6402,3219.0426,4099.0528,9.1898,45.3747,51.4344,17.6178,1984.5592,21.8963,4.8034,72.7257,20.324,1808.8215,41.9088,11.4962,154.9828,1.8975,0.4379,1.1389,4.1613,4.6674,63.112,321.212,4.2429,9127.7371,4.1455,5.0617,117.259,90.8293,1654.4934,4.2708,9.7378,16.3725,510.0511,10.8297,1.4619,0.8396,25.9895,25989.5274,651.8377,42.3035,5260.4175,24.5,14671.7398,20.324,37.0866,12.0285,3.9711,3.3944,2.7208,44.3988,7.7264,1.7538,34.0959,3077.2966,47.3402,4159.3324,1.1388,47.292,14562.1318,108.3864,29502.1428,136.6454,3.1293,655.957,3.075,2.0386,0.8319,655.957,119.332,277.8617,20.3228,31.5367,30.4505
2025-05-28 00:00:02,1748390402,1,4.1652,79.4505,98.1126,437.4989,2.0301,1067.0618,1302.012,1.7591,2.0301,1.9316,1.9558,2.2683,138.481,1.9558,0.4264,3387.7767,1.1342,1.4612,7.8659,6.4281,1.1342,96.7259,15.3282,3.5344,2.2683,1.5645,3291.8962,0.9375,1068.3563,8.1602,4711.9554,578.1215,27.2198,110.265,24.9019,201.5635,7.4592,66.9613,150.0912,56.4843,17.0124,153.3121,2.567,0.8388,7.4569,0.8388,3.1096,0.8388,11.7834,0.8388,82.7501,9896.7953,8.7201,238.6737,8.8888,29.5983,7.5345,148.8656,403.8141,18425.3982,4.0102,0.8388,96.8224,1491.2009,48586.3786,144.1484,0.8388,181.737,0.8041,163.3851,146.8929,98.5502,4591.3289,1.7592,491.9678,1559.54,0.3476,0.9451,580.4929,24698.0284,101507.0339,340.0877,227.3447,20.3323,6.2249,10.4692,19.6045,5142.9205,61.6697,3208.4709,4010.9497,9.1553,45.317,51.5768,17.5774,1981.3623,21.838,4.807,72.6088,20.3323,1803.7299,41.8226,11.5067,154.7615,1.9057,0.4361,1.1342,4.1425,4.6969,63.0193,320.6422,4.2464,9115.5726,4.1283,5.0606,117.2462,90.901,1652.3592,4.2531,9.7076,16.5384,509.4029,10.899,1.4612,0.8388,25.8828,25881.6809,651.0093,41.7593,5250.6017,24.5,14638.3919,20.3323,37.1419,11.7881,3.9714,3.3856,2.6926,44.2924,7.7094,1.7592,34.0003,3073.4556,47.3251,4154.2029,1.1342,47.2853,14585.9486,108.5827,29403.9211,136.0696,3.0747,655.957,3.0622,2.0301,0.8319,655.957,119.332,277.2584,20.3361,31.0968,30.6031
2025-05-29 00:00:02,1748476802,1,4.1456,78.5524,98.2102,435.7804,2.0206,1054.9435,1310.5475,1.7556,2.0206,1.9242,1.9558,2.2576,137.3787,1.9558,0.4244,3366.6602,1.1288,1.457,7.8249,6.3872,1.1288,96.5342,15.2471,3.5359,2.2576,1.5602,3271.3774,0.9359,1061.8737,8.1218,4639.474,575.3367,27.0914,110.265,24.9244,200.6131,7.442,66.7512,149.4648,56.3028,16.9321,153.0182,2.5608,0.8384,7.4565,0.8378,3.095,0.8384,11.8498,0.8384,82.2714,9846.6616,8.6867,236.862,8.8456,29.4644,7.5345,147.8116,403.102,18357.1756,3.9732,0.8384,96.542,1481.906,48423.9579,143.9976,0.8384,180.034,0.8003,163.5932,146.1639,98.907,4503.4545,1.7562,491.9678,1554.4559,0.3469,0.9407,576.2103,24602.1298,101028.4252,338.4756,226.2534,20.2461,6.1598,10.4648,19.5389,5122.369,61.6879,3188.4036,4056.2462,9.1098,44.9586,51.4738,17.4904,1971.0833,21.8128,4.7914,72.1817,20.2461,1795.502,41.6314,11.4892,154.4546,1.8946,0.434,1.1288,4.1194,4.6945,62.5811,317.6422,4.2379,9088.0066,4.1089,5.0518,117.2429,89.9806,1638.3179,4.233,9.6689,16.5708,505.4898,10.8851,1.4568,0.8384,25.6642,25674.5857,645.7467,41.4296,5341.8905,24.5,14578.1008,20.2461,36.9542,11.6559,3.9663,3.3757,2.6603,44.1149,7.6934,1.7562,33.8223,3055.6765,47.1278,4125.8102,1.129,47.0199,14531.4201,109.0821,29172.2801,136.3472,3.0753,655.957,3.0478,2.0206,0.8363,655.957,119.332,275.8902,20.2414,30.3274,30.3902
2025-05-30 00:00:01,1748563201,1,4.169,78.0959,98.3513,433.4063,2.032,1059.3,1333.2733,1.7616,2.032,1.9163,1.9558,2.2704,137.8088,1.9558,0.4268,3354.6505,1.1352,1.461,7.7934,6.4199,1.1352,96.6592,15.203,3.5203,2.2704,1.5683,3259.7075,0.9353,1060.3683,8.1392,4659.2847,573.1136,27.2444,110.265,24.9269,201.746,7.4613,66.4613,149.0172,56.0571,17.0278,151.916,2.5488,0.8416,7.4604,0.8416,3.0812,0.8416,11.8658,0.8416,82.2839,9851.9769,8.6473,235.5344,8.9039,29.3315,7.5345,147.0962,404.1788,18452.6138,3.9789,0.8416,96.6644,1476.6197,48252.9626,144.2062,0.8416,180.7411,0.8048,163.7358,145.9158,98.5102,4487.3896,1.7614,491.9678,1552.9497,0.3473,0.946,576.4192,24501.4608,101598.943,338.6314,225.197,20.2331,6.1529,10.4677,19.4733,5109.9285,61.686,3207.1385,4092.8081,9.17,44.7634,51.5003,17.4068,1972.2237,21.9533,4.78,72.1957,20.2331,1788.706,41.4315,11.5082,154.6547,1.9005,0.4365,1.1352,4.119,4.6775,62.903,320.3375,4.2401,9050.4289,4.1321,5.056,117.24,88.5408,1635.5119,4.2569,9.6797,16.5031,502.9534,10.8669,1.4618,0.8416,25.8136,25802.8365,643.4432,41.2473,5361.6274,24.5,14515.2618,20.2331,36.961,11.584,3.9489,3.373,2.6695,44.4749,7.6481,1.7614,33.8178,3048.1482,46.7936,4111.7081,1.1357,46.8038,14406.8176,109.9994,29564.1488,136.8053,3.0982,655.957,3.065,2.032,0.8342,655.957,119.332,274.3268,20.2344,30.0152,30.2559
2025-05-31 00:00:01,1748649601,1,4.1665,78.2495,98.3182,434.9879,2.0308,1060.0632,1356.1275,1.7635,2.0308,1.9228,1.9558,2.269,137.6269,1.9558,0.4266,3354.6505,1.1345,1.463,7.7985,6.4294,1.1345,96.994,15.3058,3.4269,2.269,1.5605,3259.7075,0.9337,1059.9595,8.1675,4663.5374,573.0724,27.2285,110.265,24.9196,201.6283,7.4594,66.4556,148.9551,56.2544,17.0178,151.5176,2.5491,0.8424,7.4594,0.8424,3.0915,0.8424,12.0524,0.8424,82.2707,9827.4637,8.6458,235.5344,8.8965,29.3285,7.5345,147.0962,403.8119,18521.8655,3.9817,0.8424,96.994,1476.6197,48017.6253,144.205,0.8424,179.0916,0.8044,163.4143,146.2204,98.8183,4487.3896,1.7635,491.9678,1565.3363,0.3476,0.9454,578.018,24577.4637,101539.6659,339.0192,225.156,20.3458,6.1529,10.4694,19.5665,5117.4768,61.6913,3939.4869,4022.9761,9.1634,44.7634,51.428,17.4039,1975.342,21.9898,4.8246,72.1557,20.3458,1788.7626,41.4268,11.5778,155.1904,1.9015,0.4362,1.1345,4.1107,4.6814,63.2327,320.0058,4.2489,9068.4303,4.1297,5.0612,117.2055,88.3786,1644.0124,4.2545,9.6686,16.6729,502.9534,10.8858,1.4631,0.8424,25.7884,25788.3332,643.4432,41.2473,5291.6428,24.5,14465.1168,20.3458,37.1874,11.5599,3.9648,3.3911,2.6668,44.5316,7.6481,1.7635,33.9204,3053.5434,46.964,4111.7775,1.1345,46.7944,14468.7716,110.224,29551.8416,136.8455,3.0986,655.957,3.0632,2.0308,0.8327,655.957,119.332,274.1932,20.3462,30.0788,30.5323
2025-06-01 00:00:01,1748736001,1,4.1662,78.2456,98.3191,434.8733,2.0306,1059.4034,1356.0285,1.7629,2.0306,1.9223,1.9558,2.2689,137.815,1.9558,0.4265,3354.6505,1.1344,1.4632,7.7983,6.4283,1.1344,96.984,15.3265,3.4331,2.2689,1.5606,3259.7075,0.934,1059.9606,8.167,4663.4295,573.0735,27.2265,110.265,24.923,201.6136,7.4601,66.4557,148.9566,56.2456,17.0166,150.9857,2.5491,0.8422,7.4601,0.8422,3.0908,0.8422,12.0306,0.8422,82.2532,9829.4629,8.6459,235.5344,8.8962,29.3285,7.5345,147.0962,403.8441,18507.9472,3.9826,0.8422,96.9841,1476.6197,48078.3507,144.2047,0.8422,179.1274,0.8043,163.4345,146.2148,98.8012,4487.3896,1.7629,491.9678,1564.4668,0.3474,0.9454,578.0435,24575.5346,101532.2565,339.0157,225.157,20.3438,6.1529,10.4676,19.5555,5117.6291,61.6853,3401.9282,4022.6077,9.1631,44.7634,51.4902,17.404,1974.3065,21.9832,4.8228,72.1454,20.3438,1788.7588,41.4269,11.5746,155.1744,1.9014,0.4362,1.1344,4.1094,4.6813,63.2034,319.8457,4.2486,9067.9734,4.1294,5.0613,117.2085,88.4939,1641.9342,4.2541,9.6692,16.6589,502.9534,10.8854,1.4634,0.8422,25.7865,25786.4516,643.4432,41.2473,5291.6428,24.5,14466.3897,20.3438,37.171,11.5599,3.9691,3.3907,2.6668,44.5274,7.6481,1.7629,33.9083,3051.7869,46.9656,4111.1959,1.1344,46.7946,14465.5299,110.224,29552.6742,136.8452,3.0986,655.957,3.063,2.0306,0.8327,655.957,119.332,274.1966,20.3442,30.0687,30.5323
2025-06-02 00:00:01,1748822401,1,4.1699,78.8896,98.3018,435.51,2.0324,1047.7365,1357.2176,1.7628,2.0324,1.9271,1.9558,2.2709,138.7199,1.9558,0.4269,3377.9612,1.1354,1.4645,7.8462,6.4836,1.1354,97.0734,15.3014,3.6554,2.2709,1.5593,3282.3585,0.9338,1067.2302,8.1747,4688.5966,575.8257,27.2504,110.265,24.9271,201.7904,7.4596,66.8951,149.856,56.323,17.0315,154.0795,2.5644,0.843,7.4596,0.843,3.0988,0.843,11.7211,0.843,82.539,9921.0608,8.7028,237.3329,8.9024,29.5314,7.5345,148.5611,403.9345,18511.5316,3.988,0.843,97.0734,1486.8803,49378.6568,144.2544,0.843,180.3778,0.805,163.3402,146.4535,99.2164,4578.0263,1.7626,491.9678,1564.5616,0.3477,0.9462,579.5524,24633.5232,101621.2909,339.3317,226.4138,20.3917,6.2165,10.4694,19.6117,5172.3014,61.6853,3212.3004,4031.7394,9.1693,45.1213,51.5422,17.5249,1968.3475,22.0501,4.8315,72.4712,20.3917,1801.338,41.7103,11.5856,155.3174,1.9007,0.4366,1.1354,4.1054,4.6629,63.3533,319.9442,4.2593,9098.7924,4.133,5.0618,117.1733,88.2284,1614.8931,4.2579,9.7138,16.5126,507.1866,10.8792,1.4645,0.843,25.8081,25809.7502,649.1231,41.7583,5291.6428,24.5,14602.6922,20.3917,37.2332,11.5599,3.9691,3.3795,2.6677,44.5568,7.6875,1.7626,33.9288,3053.1886,47.0912,4134.9209,1.1354,47.1462,14496.2728,110.224,29527.6502,136.3182,3.1041,655.957,3.0657,2.0324,0.8327,655.957,119.332,276.229,20.3921,30.2053,30.5323
2025-06-03 00:00:02,1748908802,1,4.1982,79.1049,98.4205,437.9587,2.0463,1067.1379,1350.2634,1.7619,2.0463,1.9385,1.9558,2.2863,139.6251,1.9558,0.4298,3381.767,1.1432,1.4697,7.8784,6.5094,1.1432,97.5241,15.3861,3.5501,2.2863,1.567,3317.3524,0.9346,1077.2154,8.2229,4713.439,577.9502,27.4358,110.265,24.899,203.1631,7.4614,67.0848,150.2817,56.6543,17.1474,154.6471,2.57,0.8443,7.4614,0.8442,3.1129,0.8443,11.9771,0.8443,82.9201,9921.7502,8.7448,237.7625,8.9673,29.6623,7.5345,148.792,402.9381,18603.6516,4.0286,0.8443,97.5245,1488.5556,48730.651,144.4002,0.8443,180.3738,0.8105,163.1726,147.3075,99.5715,4523.6623,1.7621,491.9678,1571.8602,0.3498,0.9526,583.9589,24749.7467,102312.6037,341.5886,227.2313,20.4399,6.2255,10.5001,19.7282,5063.4187,61.6853,3232.92,4043.7739,9.2359,45.1838,51.9276,17.6087,1986.0429,22.0075,4.8632,72.754,20.4399,1804.109,41.8967,11.5249,156.0386,1.8954,0.4395,1.1432,4.1289,4.672,63.624,321.9939,4.2549,9137.8276,4.1611,5.0559,117.231,89.8529,1649.4024,4.2868,9.7617,16.8499,507.758,10.8976,1.4697,0.8443,25.9848,25984.1552,649.8545,41.8204,5337.1791,24.5,14671.3918,20.4399,37.1775,11.574,3.9983,3.3748,2.6871,44.8104,7.7469,1.7621,34.2657,3071.346,47.4984,4145.1921,1.1433,47.3011,14578.1233,110.224,29796.6602,137.5368,3.1183,655.957,3.0865,2.0463,0.8327,655.957,119.332,277.5074,20.4381,30.4088,30.6095
2025-06-04 00:00:01,1748995201,1,4.1817,79.2949,98.2948,438.4073,2.0382,1067.9689,1348.1657,1.7619,2.0382,1.9402,1.9558,2.2773,139.1485,1.9558,0.4281,3396.2136,1.1387,1.4676,7.9001,6.4589,1.1387,97.5106,15.311,3.5496,2.2773,1.5623,3331.5238,0.9365,1072.0348,8.1867,4730.5418,580.4434,27.3277,110.265,24.8923,202.3626,7.4603,67.3328,150.2813,56.6269,17.0798,153.5059,2.572,0.842,7.4597,0.8421,3.1174,0.842,11.8177,0.842,82.9305,9923.0164,8.765,238.9413,8.9311,29.7282,7.5345,149.4915,403.5966,18569.5526,4.0085,0.842,97.5104,1494.9145,48797.612,144.5855,0.842,182.8129,0.8073,163.566,147.3797,99.7249,4602.7632,1.7618,491.9678,1569.7934,0.3492,0.9489,583.7352,24777.088,101909.487,340.9998,227.637,20.349,6.2261,10.4782,19.6677,5150.7943,61.695,3225.9327,4032.4773,9.198,45.3827,51.4362,17.6482,1986.025,21.9037,4.8389,72.775,20.349,1808.2587,41.9858,11.5414,156.017,1.8969,0.4378,1.1387,4.1255,4.6823,63.4047,321.9611,4.2721,9159.7505,4.1447,5.0584,117.2191,89.8612,1655.1682,4.27,9.7311,16.8069,510.6715,10.9439,1.4677,0.842,25.8829,25881.1268,652.6306,42.0293,5320.0594,24.5,14698.3495,20.349,37.1252,11.5227,3.9932,3.3663,2.6767,44.5555,7.7351,1.7618,34.1485,3066.1952,47.5549,4157.6792,1.1388,47.5071,14626.0219,110.9159,29655.8288,136.4433,3.0993,655.957,3.0744,2.0382,0.8358,655.957,119.332,278.1223,20.3429,30.5569,30.7391
2025-06-05 00:00:01,1749081601,1,4.1908,79.1782,98.2405,436.9501,2.0426,1067.9724,1351.462,1.7587,2.0426,1.9345,1.9558,2.2822,139.4093,1.9558,0.4291,3385.3398,1.1411,1.4687,7.8764,6.4215,1.1411,97.9358,15.2812,3.5378,2.2822,1.5617,3320.8571,0.9354,1071.273,8.1936,4662.4382,578.4917,27.3869,110.265,24.8202,202.8009,7.4611,67.1674,149.8901,56.5085,17.1168,153.8061,2.5663,0.8423,7.4603,0.8422,3.1079,0.8423,11.8307,0.8423,82.8409,9917.3945,8.7431,238.0137,8.9539,29.643,7.5345,148.822,403.5658,18588.1503,3.984,0.8423,97.9442,1490.1282,48659.6985,144.6026,0.8423,181.705,0.8091,163.3311,147.096,99.4294,4588.0263,1.7587,491.9678,1558.4908,0.3492,0.9509,582.1768,24712.2331,102130.1883,341.0795,227.0272,20.3487,6.1935,10.4709,19.5733,5156.2514,61.695,3229.9402,4095.0932,9.2227,45.2081,51.961,17.5877,1985.2023,21.9169,4.8432,72.7226,20.3487,1810.0073,41.8664,11.5369,156.6972,1.8944,0.4388,1.1411,4.1274,4.732,63.5888,322.0483,4.2789,9129.5569,4.1537,5.0545,117.2189,90.2135,1650.2552,4.2792,9.6683,16.6904,508.2945,10.9427,1.4687,0.8423,25.9158,25915.8071,650.541,41.8646,5327.6638,24.5,14653.8196,20.3487,37.2101,11.4839,3.9839,3.3666,2.683,44.8123,7.718,1.7587,34.2106,3057.2699,47.268,4154.0371,1.1411,47.4621,14570.3185,111.8974,29792.4882,136.7519,3.1004,655.957,3.081,2.0426,0.8391,655.957,119.332,277.1942,20.3482,29.9935,30.614
2025-06-06 00:00:00,1749168000,1,4.2022,79.2673,98.0834,438.1167,2.0482,1069.2753,1361.2577,1.7575,2.0482,1.9403,1.9558,2.2885,139.775,1.9558,0.4302,3385.3398,1.1442,1.4712,7.8854,6.4349,1.1442,98.1229,15.3101,3.5449,2.2885,1.5636,3320.8571,0.9378,1070.1887,8.2115,4676.5556,579.7468,27.4616,110.265,24.8092,203.3539,7.4562,67.2683,150.0702,56.7229,17.1635,154.0183,2.571,0.8428,7.4562,0.8428,3.1171,0.8428,12.4003,0.8428,83.3622,9957.8709,8.7591,238.0137,8.9768,29.7135,7.5345,148.822,403.4234,18601.1053,3.9935,0.8428,98.1231,1490.1282,48417.0534,144.4443,0.8428,183.0989,0.8113,164.1401,147.7942,99.6231,4588.0263,1.7576,491.9678,1551.7881,0.3502,0.9535,583.1586,24727.9025,102408.7077,342.1079,227.2246,20.2987,6.1935,10.4621,19.6732,5130.1787,61.695,3456.661,4080.2063,9.246,45.2081,51.7169,17.6155,2001.1368,21.9419,4.836,73.125,20.2987,1801.0797,41.944,11.5279,156.9966,1.8934,0.44,1.1442,4.1429,4.7342,63.5733,322.4345,4.2811,9135.3846,4.165,5.0515,117.1782,90.3362,1645.809,4.2909,9.7375,16.4962,508.2945,10.9512,1.4715,0.8428,25.9857,25985.785,650.541,41.8646,5366.7042,24.5,14740.6347,20.2987,37.2384,11.5276,3.9973,3.3683,2.6879,44.9441,7.7287,1.7576,34.2318,3052.0962,47.3364,4161.5844,1.1442,47.4771,14578.6733,112.9345,29842.9245,137.0466,3.1323,655.957,3.0894,2.0482,0.837,655.957,119.332,277.8545,20.2976,30.1217,30.7342
2025-06-07 00:00:01,1749254401,1,4.188,79.2299,98.1566,438.1566,2.0413,1069.8483,1357.0535,1.7559,2.0413,1.9411,1.9558,2.2808,139.1838,1.9558,0.4288,3385.3398,1.1404,1.4684,7.8866,6.3716,1.1404,97.8423,15.2801,3.4608,2.2808,1.5602,3320.8571,0.9373,1062.7546,8.1972,4668.5429,579.3109,27.3691,110.265,24.781,202.6697,7.4471,67.2401,150.0232,56.5801,17.1057,154.0021,2.568,0.8429,7.4471,0.8429,3.1187,0.8429,12.392,0.8429,82.9079,9889.7106,8.7544,238.0137,8.9456,29.6921,7.5345,148.822,403.2199,18571.2548,3.9899,0.8429,97.8425,1490.1282,48182.208,144.1788,0.8429,182.821,0.8085,164.9013,147.3625,99.6473,4588.0263,1.7558,491.9678,1550.9187,0.3493,0.9503,581.6118,24780.1939,102064.1113,341.3849,227.1623,20.2711,6.1935,10.4462,19.6887,5129.6362,61.695,4280.9631,4082.4015,9.2139,45.2081,51.6065,17.6076,1992.7332,21.8093,4.8264,72.6994,20.2711,1802.1279,41.9208,11.523,156.5477,1.8936,0.4385,1.1404,4.1519,4.7368,63.5387,321.3244,4.2814,9147.2965,4.151,5.042,117.1697,90.2009,1639.8209,4.2764,9.7045,16.298,508.2945,10.981,1.4685,0.8429,25.8983,25898.2142,650.541,41.8646,5326.0785,24.5,14678.5723,20.2711,37.2114,11.5285,3.9978,3.3554,2.6841,44.7455,7.7287,1.7558,34.1207,3020.803,47.2872,4137.129,1.1404,47.4646,14647.4105,112.8683,29743.0601,137.0083,3.1314,655.957,3.079,2.0413,0.8376,655.957,119.332,277.5919,20.2711,28.594,30.7993
2025-06-08 00:00:01,1749340801,1,4.188,79.2339,98.1488,438.1399,2.0412,1069.7259,1357.0287,1.7563,2.0412,1.941,1.9558,2.2807,139.1898,1.9558,0.4288,3385.3398,1.1404,1.4689,7.8865,6.3734,1.1404,97.8699,15.2795,3.4673,2.2807,1.5601,3320.8571,0.9372,1062.6998,8.197,4669.3974,579.3574,27.3686,110.265,24.7828,202.666,7.4565,67.2431,150.0282,56.5759,17.1054,153.9762,2.5678,0.8426,7.4565,0.8426,3.1185,0.8426,12.3816,0.8426,82.9054,9890.7199,8.7549,238.0137,8.946,29.6944,7.5345,148.822,403.3322,18575.6823,3.9899,0.8426,97.8702,1490.1282,48204.8349,144.2007,0.8426,182.6871,0.8085,164.8235,147.3634,99.6454,4588.0263,1.7563,491.9678,1550.8417,0.3493,0.9503,581.7118,24774.6176,102062.2413,341.4376,227.1689,20.2722,6.1935,10.4468,19.6858,5128.8109,61.695,3803.954,4081.636,9.2144,45.2081,51.575,17.6084,1992.4183,21.8116,4.8282,72.6995,20.2722,1802.9478,41.9232,11.5228,156.5918,1.8935,0.4385,1.1404,4.15,4.7365,63.5756,321.3647,4.2833,9146.0262,4.1509,5.0423,117.1698,90.2601,1640.9604,4.2764,9.71,16.3101,508.2945,10.9782,1.4689,0.8426,25.8979,25897.7412,650.541,41.8646,5326.0785,24.5,14685.1907,20.2722,37.207,11.5285,3.9978,3.3557,2.6841,44.7432,7.7287,1.7563,34.1218,3024.649,47.2864,4139.159,1.1404,47.4659,14645.764,112.8683,29755.462,137.0086,3.1315,655.957,3.079,2.0412,0.8376,655.957,119.332,277.6199,20.2722,28.6203,30.7993
2025-06-09 00:00:01,1749427201,1,4.1881,79.3432,97.9666,438.0468,2.0413,1068.6132,1357.0853,1.756,2.0413,1.9419,1.9558,2.2808,139.4201,1.9558,0.4288,3385.3398,1.1404,1.4685,7.8913,6.3708,1.1404,97.7839,15.2772,3.6882,2.2808,1.5617,3320.8571,0.9371,1063.1857,8.2004,4691.8526,581.7262,27.3698,110.265,24.7846,202.6744,7.4605,67.6188,150.2468,56.6212,17.1061,153.9278,2.5692,0.8431,7.4605,0.8431,3.1176,0.8431,12.3232,0.8431,82.8913,9896.3596,8.7761,238.0137,8.9486,29.7717,7.5345,148.822,403.5308,18578.4347,3.9946,0.8431,97.7843,1490.1282,48331.1827,144.2002,0.8431,182.2551,0.8085,164.9934,147.6854,99.6349,4588.0263,1.7561,491.9678,1553.0842,0.3498,0.9503,582.2631,24683.4155,102066.498,340.7289,227.8158,20.2754,6.1935,10.4555,19.7077,5136.4156,61.695,3659.2217,4090.0801,9.2164,45.2081,51.5206,17.6475,1990.6586,21.7944,4.8245,72.6999,20.2754,1791.9548,42.0365,11.5218,156.4543,1.8939,0.4385,1.1404,4.1457,4.6944,63.62,321.9242,4.2825,9137.9837,4.1511,5.0431,117.211,90.0536,1639.8517,4.2765,9.7649,16.67,508.2945,10.9783,1.4701,0.8431,25.8988,25901.7023,650.541,41.8646,5326.0785,24.5,14838.9291,20.2754,37.2937,11.5285,3.9978,3.3636,2.6796,44.7672,7.7363,1.7561,34.1544,3029.1999,47.3111,4141.2245,1.1404,47.484,14636.5698,112.8683,29723.0532,136.5503,3.0317,655.957,3.0791,2.0413,0.8376,655.957,119.332,278.2533,20.2762,28.7669,30.7993
2025-06-10 00:00:02,1749513602,1,4.194,79.9433,97.9287,438.0954,2.0442,1069.4501,1354.9052,1.7524,2.0442,1.9419,1.9558,2.284,139.5674,1.9558,0.4294,3385.3398,1.142,1.4685,7.9022,6.354,1.142,97.7949,15.2774,3.5523,2.284,1.5635,3320.8571,0.9378,1067.3716,8.2014,4710.5092,582.5958,27.4083,110.265,24.7818,202.9594,7.4605,67.5648,150.2858,56.6878,17.1302,151.5609,2.5653,0.8426,7.4604,0.8426,3.1184,0.8426,12.477,0.8426,82.9537,9885.0794,8.7822,238.0137,8.9623,29.8076,7.5345,148.822,401.77,18591.2527,3.9848,0.8426,97.7959,1490.1282,47989.9335,144.0379,0.8426,183.31,0.8097,165.0184,147.5681,99.6273,4588.0263,1.7523,491.9678,1547.5883,0.3502,0.9517,581.7304,24681.1015,102210.0238,341.3552,228.0113,20.2372,6.1935,10.4743,19.7065,5097.8926,61.695,3680.3468,4074.1759,9.2289,45.2081,51.7665,17.6463,1995.8232,21.7647,4.8321,72.7224,20.2372,1784.2559,42.0674,11.496,156.4719,1.8877,0.4391,1.142,4.1607,4.7263,63.7328,322.5533,4.2711,9142.506,4.1569,5.0416,117.2157,90.2922,1642.2925,4.2825,9.7726,16.4326,508.2945,10.9588,1.4685,0.8426,25.9363,25934.8704,650.541,41.8646,5327.8481,24.5,14848.9775,20.2372,37.295,11.5243,3.9966,3.3696,2.6861,44.8696,7.7471,1.7523,34.1751,2997.6908,47.4587,4127.159,1.1421,47.5114,14518.8053,113.134,29775.7589,136.7882,3.0445,655.957,3.0834,2.0442,0.8386,655.957,119.332,278.3308,20.2388,28.3997,30.773
2025-06-11 00:00:01,1749600001,1,4.1964,79.6308,98.0494,437.404,2.0453,1065.945,1356.3272,1.7519,2.0453,1.9402,1.9558,2.2853,139.6908,1.9558,0.4296,3390.5437,1.1427,1.47,7.895,6.3532,1.1427,97.7603,15.2757,3.5501,2.2853,1.5628,3325.9619,0.9394,1068.4988,8.2122,4723.6805,579.9021,27.4236,110.265,24.7819,203.0732,7.4599,67.5656,150.0403,56.539,17.1398,154.474,2.5652,0.8458,7.4609,0.8459,3.1148,0.8458,12.0639,0.8458,83.0967,9944.1591,8.7634,239.0322,8.9702,29.7414,7.5345,149.4335,401.1817,18597.4139,3.9942,0.8458,97.7657,1492.4188,48801.9403,143.8775,0.8458,182.4665,0.8101,165.4426,147.5296,99.6611,4595.0789,1.7516,491.9678,1560.9775,0.3495,0.9522,581.0333,24801.4953,102267.3024,341.3512,227.3353,20.2273,6.2255,10.4555,19.6683,5106.6113,61.695,3234.4933,4107.604,9.2381,45.26,52.1297,17.6219,1990.2629,21.7821,4.8382,72.9092,20.2273,1773.0247,41.9713,11.54,156.4165,1.8881,0.4393,1.1427,4.15,4.7431,63.7544,322.4528,4.2579,9161.0228,4.1593,5.0349,117.2134,89.8461,1634.829,4.2849,9.7572,16.524,509.0758,10.9616,1.4701,0.8458,25.9505,25948.6732,651.541,41.8185,5386.3064,24.5,14688.2538,20.2273,37.3144,11.5135,3.9955,3.3695,2.6831,44.8292,7.7432,1.7516,34.1888,2996.7701,47.4353,4118.7369,1.1428,47.3759,14510.4472,113.9342,29735.8063,136.6544,3.0003,655.957,3.0852,2.0453,0.8384,655.957,119.332,277.4683,20.2387,28.7274,30.75
2025-06-12 00:00:01,1749686401,1,4.2176,79.8569,98.1143,438.5284,2.0557,1073.163,1360.3033,1.7618,2.0557,1.9437,1.9558,2.2968,140.3088,1.9558,0.4318,3397.0874,1.1484,1.4749,7.9035,6.3735,1.1484,98.0363,15.3238,3.5536,2.2968,1.5696,3332.381,0.9416,1074.4375,8.2517,4800.0938,580.7268,27.5621,110.265,24.7734,204.0983,7.46,67.5823,150.2585,56.6611,17.2263,154.6057,2.5644,0.8479,7.4601,0.848,3.1202,0.8479,11.7361,0.8479,83.2917,9965.8308,8.7801,239.4935,9.0131,29.7939,7.5345,149.7219,400.2472,18662.4498,4.0245,0.8479,97.9227,1495.2991,48886.3415,143.598,0.8479,183.045,0.8142,165.9038,147.8344,99.8331,4603.9474,1.7609,491.9678,1572.5364,0.3507,0.957,586.1986,24851.0931,102783.5744,342.3187,227.9261,20.3505,6.2375,10.4804,19.699,5100.538,61.6877,3249.3553,4138.086,9.2791,45.3356,52.2422,17.6557,1994.9314,21.741,4.8437,73.08,20.3505,1765.3968,42.0501,11.5621,156.8581,1.9032,0.4416,1.1484,4.1658,4.6981,64.018,324.1457,4.2555,9164.985,4.1802,5.0266,117.2302,91.0059,1650.4172,4.3066,9.7154,16.7218,510.0583,10.9791,1.4752,0.8479,25.6877,25681.4963,652.7985,42.6032,5400.6001,24.5,14717.3854,20.3505,37.3989,11.544,4.0042,3.3744,2.6951,45.0137,7.7564,1.7609,34.2434,2984.2783,47.4553,4110.7167,1.1484,47.3398,14516.4136,115.2029,29898.9737,137.2252,3.1132,655.957,3.1007,2.0557,0.8383,655.957,119.332,278.0523,20.3506,28.6467,30.7885
2025-06-13 00:00:01,1749772801,1,4.2521,80.2927,98.0521,443.0123,2.0725,1082.8606,1372.6063,1.7755,2.0725,1.9651,1.9558,2.3157,141.546,1.9558,0.4353,3422.8252,1.1578,1.4813,7.9914,6.416,1.1578,99.0041,15.5195,3.5914,2.3157,1.5767,3357.6286,0.94,1078.238,8.305,4832.0197,585.1358,27.7879,110.265,24.7797,205.7705,7.4605,68.2597,151.0869,57.6304,17.3674,157.0576,2.5963,0.8514,7.46,0.8515,3.1536,0.8514,12.6993,0.8514,84.0775,10054.6931,8.8701,240.9781,9.0924,30.0934,7.5345,151.1149,401.1411,18790.8412,4.124,0.8514,99.0258,1506.6282,49392.3811,143.7799,0.8514,184.2564,0.8209,166.1959,149.1755,100.9337,4638.8289,1.7752,491.9678,1570.1442,0.3536,0.9649,592.5573,25066.9688,103625.694,345.5361,230.6766,20.6014,6.293,10.5313,19.8854,5116.4768,61.6537,3276.1418,4133.9631,9.3644,45.7265,52.5665,17.8313,2012.7431,21.9006,4.8895,73.7712,20.6014,1768.2123,42.439,11.5189,158.4065,1.9119,0.4452,1.1578,4.1935,4.8169,64.527,326.8442,4.2643,9262.4931,4.2145,5.0275,117.1958,92.5368,1656.8131,4.3419,9.8855,17.0806,514.673,10.9415,1.4814,0.8514,25.8983,25896.968,657.7444,43.0676,5454.2694,24.5,14856.1581,20.6014,37.5225,11.7026,4.0506,3.3862,2.7197,45.6424,7.8497,1.7752,34.2018,2987.2621,47.9739,4145.6282,1.1579,47.5924,14704.6963,117.0825,30190.0102,137.6316,3.1434,655.957,3.1261,2.0725,0.8402,655.957,119.332,280.8611,20.6028,28.6102,31.0899
2025-06-14 00:00:02,1749859202,1,4.2387,80.3146,98.07,441.0884,2.066,1079.1048,1370.7904,1.7784,2.066,1.9576,1.9558,2.3084,141.0213,1.9558,0.434,3422.8252,1.1542,1.4799,7.9898,6.4007,1.1542,99.1874,15.5437,3.4827,2.3084,1.5687,3357.6286,0.9369,1073.2489,8.2926,4830.9364,584.5241,27.7004,110.265,24.8216,205.1228,7.4603,68.175,151.0439,57.382,17.3128,155.1533,2.5946,0.8508,7.4603,0.8508,3.1399,0.8508,12.4836,0.8508,83.8285,10006.3484,8.8621,240.9781,9.0606,30.0795,7.5345,151.1149,402.3462,18840.0705,4.1584,0.8508,99.188,1506.6282,48601.2661,144.0763,0.8508,183.4952,0.8183,166.2496,148.9586,100.4292,4638.8289,1.7784,491.9678,1576.8303,0.3528,0.9618,591.5308,25115.8521,103299.5176,345.3906,230.5701,20.6961,6.293,10.5335,19.7333,5109.1969,61.63,4002.6365,4150.0718,9.3353,45.7265,52.1362,17.8208,2011.3623,21.875,4.8959,73.5233,20.6961,1786.4972,42.4157,11.4466,158.6999,1.9174,0.4438,1.1542,4.172,4.8131,64.8173,325.62,4.2691,9268.9255,4.2012,5.0311,117.1993,92.0206,1670.0314,4.3282,9.8759,17.0767,514.673,10.9608,1.4799,0.8508,25.8162,25816.1041,657.7444,43.0676,5424.5807,24.5,14785.5204,20.6961,37.4115,11.4182,4.0294,3.3838,2.7157,45.5266,7.8497,1.7784,34.142,2977.7547,47.7581,4152.5574,1.1542,47.5916,14681.7906,117.9045,30137.0235,137.5699,3.1444,655.957,3.1163,2.066,0.8405,655.957,119.332,280.6007,20.6962,28.0123,31.0651
2025-06-15 00:00:01,1749945601,1,4.2384,80.3141,98.0695,441.0925,2.0658,1078.3173,1370.6696,1.7764,2.0658,1.9577,1.9558,2.3082,140.9923,1.9558,0.4339,3422.8252,1.1541,1.4799,7.9898,6.3995,1.1541,99.1784,15.5436,3.4899,2.3082,1.5687,3357.6286,0.9367,1073.23,8.2925,4830.9639,584.5396,27.698,110.265,24.8211,205.1048,7.4603,68.1772,151.0449,57.3634,17.3112,155.0702,2.5944,0.8507,7.4603,0.8507,3.14,0.8507,12.4559,0.8507,83.8263,10009.3184,8.8623,240.9781,9.0586,30.0799,7.5345,151.1149,402.4616,18824.6807,4.1497,0.8507,99.1789,1506.6282,48647.2106,144.0773,0.8507,183.6963,0.8182,166.2057,148.9538,100.4377,4638.8289,1.7783,491.9678,1576.3862,0.3527,0.9617,591.4487,25114.6113,103290.4149,345.3764,230.5728,20.7,6.293,10.5325,19.7398,5108.9524,61.5953,3461.3934,4146.4808,9.3344,45.7265,52.138,17.8211,2010.4897,21.8836,4.8949,73.5268,20.7,1785.9907,42.4163,11.4465,158.6854,1.9169,0.4437,1.1541,4.1741,4.8132,64.8031,325.668,4.2691,9268.7622,4.2009,5.0311,117.199,91.9889,1670.5592,4.3278,9.8763,17.0714,514.673,10.9597,1.4799,0.8507,25.8139,25813.8294,657.7444,43.0676,5424.5807,24.5,14787.3133,20.7,37.4118,11.4182,4.0375,3.3837,2.7158,45.5288,7.8497,1.7783,34.1419,2979.4995,47.7626,4152.3186,1.1541,47.5916,14681.9946,117.9045,30140.7855,137.5704,3.1443,655.957,3.116,2.0658,0.8405,655.957,119.332,280.6073,20.7001,28.033,31.0651
2025-06-16 00:00:01,1750032001,1,4.2376,80.5804,97.9942,442.4733,2.0654,1069.293,1370.4201,1.7786,2.0654,1.961,1.9558,2.3077,140.4489,1.9558,0.4339,3432.1068,1.1539,1.4796,7.9956,6.3975,1.1539,99.2345,15.5358,3.7178,2.3077,1.5675,3366.7333,0.9368,1077.4706,8.2888,4780.7231,582.3423,27.6929,110.265,24.8143,205.0674,7.4599,68.1953,150.2105,57.8831,17.3081,157.4785,2.5954,0.8511,7.4599,0.8511,3.1483,0.8511,11.9722,0.8511,84.0163,10082.2583,8.8705,241.6316,9.0561,30.1148,7.5345,151.2006,402.8064,18798.8937,4.148,0.8511,99.2349,1510.7137,49914.5307,144.0165,0.8511,184.079,0.8181,166.6492,149.0593,100.8761,4651.4079,1.7788,491.9678,1578.1367,0.353,0.9616,591.6445,25061.8127,103271.6139,345.4338,230.7969,20.7158,6.3014,10.5289,19.7521,5114.6765,61.5953,3269.594,4148.0163,9.328,45.8624,52.178,17.8295,2009.9712,21.8478,4.897,73.7799,20.7158,1782.3044,42.4385,11.4433,158.7752,1.9178,0.4437,1.1539,4.171,4.7953,64.7581,326.2605,4.2705,9262.0478,4.2001,5.0326,117.2071,91.9407,1654.5497,4.327,9.5676,16.705,516.8231,10.9607,1.4797,0.8511,25.8092,25807.773,660.7607,43.3751,5424.5807,24.5,14849.2907,20.7158,37.42,11.4182,4.0367,3.3841,2.7367,45.5318,7.8207,1.7788,34.1017,2988.9202,47.7748,4156.9969,1.1537,47.4692,14716.3087,117.9045,30076.4389,137.0029,3.0512,655.957,3.1155,2.0654,0.8405,655.957,119.332,280.6199,20.7145,27.9176,31.0651
2025-06-17 00:00:01,1750118401,1,4.2467,80.5081,97.9292,443.8442,2.0699,1076.9038,1373.3539,1.7735,2.0699,1.9658,1.9558,2.3127,141.1094,1.9558,0.4348,3426.9029,1.1563,1.4809,7.9825,6.408,1.1563,99.4471,15.5158,3.5924,2.3127,1.5691,3361.6286,0.9401,1084.2475,8.3059,4775.0031,582.2475,27.7522,110.265,24.8019,205.5064,7.4585,68.1083,150.2883,58.0966,17.3451,156.1435,2.5976,0.8516,7.4598,0.8516,3.1555,0.8516,11.8311,0.8516,83.968,10044.9246,8.8764,241.2652,9.0746,30.1377,7.5345,150.9713,401.7698,18850.7184,4.0695,0.8516,99.4259,1508.4231,49124.0014,143.807,0.8516,183.3177,0.8198,167.0804,149.2881,101.0112,4644.3553,1.7732,491.9678,1573.4991,0.3538,0.9636,594.8285,25084.8181,103492.6999,346.7979,230.9826,20.5831,6.2918,10.5421,19.7919,5098.8977,61.5953,3271.3723,4129.0953,9.3517,45.7928,52.3909,17.853,2013.682,21.8741,4.9046,73.5179,20.5831,1789.7378,42.4907,11.4563,159.1154,1.9091,0.4446,1.1563,4.1787,4.7703,65.184,327.2486,4.2692,9257.176,4.2091,5.0263,117.2107,91.1986,1672.4153,4.3363,9.8879,16.7619,516.0395,10.9612,1.4808,0.8516,25.8632,25865.6917,659.7589,43.4266,5435.8963,24.5,14869.373,20.5831,37.5187,11.5509,4.0529,3.3867,2.7646,45.5618,7.8468,1.7732,34.109,2989.5728,48.0993,4166.8462,1.1563,47.3106,14718.1794,117.9045,30109.7342,138.4323,3.0988,655.957,3.1221,2.0699,0.8479,655.957,119.332,281.0158,20.5814,28.0887,31.1803
2025-06-18 00:00:02,1750204802,1,4.2263,81.4321,98.0417,444.0845,2.0599,1080.7588,1358.0211,1.7717,2.0599,1.9657,1.9558,2.3016,140.6479,1.9558,0.4327,3435.5146,1.1508,1.4792,8.0103,6.3446,1.1508,99.4758,15.5149,3.5826,2.3016,1.5692,3370.0762,0.9388,1081.7817,8.2788,4728.9332,582.0889,27.6189,110.265,24.8191,204.5191,7.4594,68.386,150.4367,57.938,17.2618,156.6253,2.5922,0.854,7.4597,0.854,3.1542,0.854,12.2179,0.854,83.6439,10059.0455,8.8796,241.8715,9.0444,30.1999,7.5345,151.3507,403.4807,18713.5142,4.0432,0.854,99.4807,1512.2137,49124.8082,143.6044,0.854,183.8749,0.8159,167.0432,149.4561,101.0061,4656.0263,1.7721,491.9678,1580.7764,0.3534,0.959,598.5069,25161.0305,102995.4635,346.6628,231.1646,20.6653,6.2771,10.5327,19.736,5131.616,61.5673,3261.7205,4074.3532,9.3159,45.9079,52.0775,17.8656,2018.5864,21.8606,4.9092,73.8206,20.6653,1788.5343,42.426,11.4137,159.1613,1.9065,0.4425,1.1508,4.1594,4.7529,65.0794,325.757,4.2752,9270.7981,4.1889,5.0275,117.246,90.4915,1666.5034,4.3155,9.85,16.7801,517.3363,10.962,1.4792,0.854,25.7469,25740.9317,661.4168,44.589,5443.6417,24.5,14879.0307,20.6653,37.5402,11.5608,4.0467,3.3696,2.7021,45.4881,7.848,1.7721,34.0761,2986.0647,48.0462,4153.9966,1.1512,47.4997,14680.4068,118.5431,29974.327,136.8484,3.0761,655.957,3.1071,2.0599,0.8449,655.957,119.332,280.8421,20.661,28.2573,31.1853
2025-06-19 00:00:01,1750291201,1,4.2205,80.8446,98.0262,441.7079,2.0571,1082.133,1322.7566,1.7668,2.0571,1.9553,1.9558,2.2984,140.3302,1.9558,0.4321,3418.6214,1.1492,1.4767,7.9614,6.3162,1.1492,99.4079,15.5369,3.5581,2.2984,1.5716,3353.5048,0.9401,1086.2932,8.264,4703.2473,579.9311,27.5814,110.265,24.8137,204.2412,7.4596,68.0552,149.6487,58.0206,17.2384,156.2199,2.5861,0.8552,7.4598,0.8552,3.1347,0.8552,11.9755,0.8552,83.6737,10002.9712,8.8294,240.5178,9.0191,30.0351,7.5345,150.8646,403.2894,18745.9995,4.0092,0.8552,99.413,1504.7778,48845.7715,143.6054,0.8552,183.7185,0.8148,166.5074,148.6089,100.5492,4633.1316,1.7667,491.9678,1580.4595,0.3523,0.9577,596.0155,24983.3265,102855.5337,345.101,229.8759,20.6912,6.2346,10.5306,19.6458,5122.073,61.5323,3250.3459,4142.8375,9.2901,45.6585,52.0716,17.7681,2002.4458,21.8404,4.8908,73.3887,20.6912,1775.6992,42.2377,11.4497,159.0526,1.9053,0.4419,1.1492,4.1499,4.7296,65.5991,325.4029,4.2743,9224.0352,4.1832,5.0306,117.2335,90.2155,1662.5825,4.3096,9.7473,16.9661,514.0409,11.0547,1.4766,0.8552,25.8186,25818.6212,656.9366,44.7304,5410.5452,24.5,14801.193,20.6912,37.5266,11.3769,4.0264,3.38,2.6984,45.4495,7.7967,1.7667,33.9591,3013.8912,47.9013,4140.4609,1.1492,46.9794,14542.711,119.4462,29954.7628,137.3556,3.0269,655.957,3.1029,2.0571,0.8445,655.957,119.332,279.1803,20.6937,27.9853,31.0493
2025-06-20 00:00:01,1750377601,1,4.2193,81.388,98.0086,440.8985,2.0565,1074.8841,1328.3068,1.7747,2.0565,1.9504,1.9558,2.2978,140.5032,1.9558,0.432,3409.7767,1.1489,1.4788,7.9484,6.3015,1.1489,99.5905,15.5335,3.5491,2.2978,1.575,3344.8286,0.9393,1084.2923,8.2593,4675.632,579.3417,27.5732,110.265,24.8126,204.181,7.4598,68.0673,149.7669,58.0523,17.2333,156.9435,2.5911,0.854,7.4599,0.854,3.1266,0.854,12.0014,0.854,83.5088,9984.1248,8.815,239.8955,9.0235,29.9592,7.5345,150.4099,403.3626,18805.0714,4.0086,0.854,99.4611,1500.8846,48730.045,143.0989,0.854,183.0082,0.8146,167.064,148.269,100.3108,4621.1447,1.7746,491.9678,1583.0179,0.3511,0.9574,597.2265,24912.8079,102825.237,344.7701,229.3438,20.749,6.2365,10.506,19.6656,5096.442,61.5109,3254.3777,4158.1308,9.2944,45.5521,52.4104,17.7243,1998.7574,21.8978,4.8951,73.2452,20.749,1774.439,42.2005,11.5373,159.3448,1.919,0.4417,1.1489,4.1207,4.7788,65.8335,325.943,4.2758,9199.9365,4.1819,5.0303,117.2125,90.0597,1659.6821,4.3083,9.8337,16.8437,512.7109,11.0731,1.4787,0.854,25.8145,25811.5867,655.2369,44.6034,5403.4041,24.5,14767.8153,20.749,37.6096,11.3579,4.0156,3.3731,2.7008,45.5442,7.787,1.7746,33.9746,3026.9016,47.8277,4134.734,1.1493,46.9325,14499.9611,120.0033,30067.9643,137.5242,3.0804,655.957,3.102,2.0565,0.8439,655.957,119.332,278.4035,20.7512,27.1241,30.9408
