date,timestamp,USD,AED,AFN,ALL,AMD,ANG,AOA,ARS,AUD,AWG,AZN,BAM,BBD,BDT,BGN,BHD,BIF,BMD,BND,BOB,BRL,BSD,BTN,BWP,BYN,BZD,CAD,CDF,CHF,CLP,CNY,COP,CRC,CUP,CVE,CZK,DJF,DKK,DOP,DZD,EGP,ERN,ETB,EUR,FJD,FKP,FOK,GBP,GEL,GGP,GHS,GIP,GMD,GNF,GTQ,GYD,HKD,HNL,HRK,HTG,HUF,IDR,ILS,IMP,INR,IQD,IRR,ISK,JEP,JMD,JOD,JPY,KES,KGS,KHR,KID,KMF,KRW,KWD,KYD,KZT,LAK,LBP,LKR,LRD,LSL,LYD,MAD,MDL,MGA,MKD,MMK,MNT,MOP,MRU,MUR,MVR,MWK,MXN,MYR,MZN,NAD,NGN,NIO,NOK,NPR,NZD,OMR,PAB,PEN,PGK,PHP,PKR,PLN,PYG,QAR,RON,RSD,RUB,RWF,SAR,SBD,SCR,SDG,SEK,SGD,SHP,SLE,SLL,SOS,SRD,SSP,STN,SYP,SZL,THB,TJS,TMT,TND,TOP,TRY,TTD,TVD,TWD,TZS,UAH,UGX,UYU,UZS,VES,VND,VUV,WST,XAF,XCD,XCG,XDR,XOF,XPF,YER,ZAR,ZMW,ZWL
2025-04-26 00:00:02,1745625602,1,3.6725,71.2594,86.4991,390.6407,1.79,919.1577,1174.17,1.5638,1.79,1.7004,1.7213,2.0,121.3656,1.7214,0.376,2960.3863,1.0,1.3145,6.9081,5.6826,1.0,85.4367,13.6691,3.0782,2.0,1.386,2893.2129,0.8286,933.996,7.2901,4286.897,501.7816,24.0,97.0408,21.9554,177.721,6.566,59.2702,132.0876,50.9634,15.0,132.9057,0.8801,2.2492,0.7512,6.566,0.7512,2.7487,0.7512,15.2268,0.7512,72.5716,8649.44,7.6843,208.6899,7.7574,25.8616,6.6309,130.4856,357.6373,16850.7325,3.6207,0.7512,85.4368,1306.493,41833.9924,127.6799,0.7512,158.322,0.709,143.5573,129.2492,86.6032,3991.1523,1.5639,432.9653,1438.6206,0.3061,0.8333,515.4206,21616.9,89500.0,299.7497,199.8375,18.7376,5.4243,9.2525,17.1792,4518.2684,53.9584,2094.6223,3578.8305,7.9902,39.4864,45.0557,15.4195,1734.1712,19.555,4.3746,63.7376,18.7376,1605.4069,36.6981,10.4287,136.6988,1.6771,0.3845,1.0,3.6784,4.0688,56.2576,281.6841,3.757,7983.8621,3.64,4.3819,102.855,82.7074,1446.4753,3.75,8.5177,14.3633,586.0647,9.6832,1.3145,0.7512,22.6844,22684.4001,570.1152,36.6206,4506.6254,21.5617,12940.61,18.7376,33.53,10.6707,3.4932,2.9871,2.373,38.4403,6.7646,1.5639,32.496,2679.2113,41.7932,3652.2884,42.0217,12900.9491,86.1143,25973.0158,119.6533,2.7797,577.2871,2.7,1.79,0.7387,577.2871,105.0203,244.5318,18.7257,28.3832,26.8038
2025-04-27 00:00:01,1745712001,1,3.6725,71.2473,86.5625,390.6118,1.79,917.3429,1174.17,1.5637,1.79,1.7004,1.7215,2.0,121.403,1.7215,0.376,2956.6843,1.0,1.3145,6.9109,5.6828,1.0,85.43,13.6913,3.0755,2.0,1.3859,2892.4172,0.8286,935.0054,7.2912,4290.4599,502.0965,24.0,97.0526,21.9543,177.721,6.5665,59.2899,132.1269,50.9625,15.0,132.1846,0.8802,2.2501,0.7512,6.5665,0.7512,2.7487,0.7512,15.1459,0.7512,72.6011,8658.7579,7.6867,208.7451,7.7576,25.8698,6.6317,130.5251,357.5652,16850.5821,3.6214,0.7512,85.4301,1306.8435,41875.7713,127.6838,0.7512,158.3361,0.709,143.6007,129.2289,86.624,3990.1665,1.564,433.018,1438.3822,0.3062,0.8333,515.3465,21644.8118,89500.0,299.7583,199.8599,18.7313,5.4282,9.2584,17.1992,4516.7572,54.1163,2095.3158,3580.1177,7.9904,39.5155,45.0705,15.4244,1736.5742,19.5532,4.3739,63.7764,18.7313,1605.1436,36.7115,10.429,136.688,1.6773,0.3845,1.0,3.679,4.0709,56.2596,281.6313,3.7577,7992.1515,3.64,4.3813,102.9154,82.7029,1445.4822,3.75,8.5231,14.3767,572.32,9.6847,1.3145,0.7512,22.6844,22684.4001,570.2936,36.6284,4514.4986,21.5643,12927.6686,18.7313,33.519,10.6941,3.4958,2.9888,2.3726,38.4404,6.7638,1.564,32.5014,2676.4647,41.7942,3653.3782,42.0246,12916.8751,86.1143,25985.421,119.8054,2.7798,577.3573,2.7,1.79,0.7385,577.3573,105.0331,244.611,18.723,28.3177,26.8038
2025-04-28 00:00:01,1745798401,1,3.6725,71.1687,86.8936,390.5927,1.79,917.9414,1174.17,1.5653,1.79,1.6993,1.7216,2.0,121.4694,1.7216,0.376,2968.8005,1.0,1.3147,6.9189,5.6862,1.0,85.474,13.7887,3.0756,2.0,1.3862,2892.2818,0.8281,935.3539,7.2902,4233.7562,504.9424,24.0,97.0618,21.9777,177.721,6.5707,59.2244,132.3155,50.9189,15.0,132.81,0.8803,2.2527,0.7516,6.5702,0.7516,2.7475,0.7516,14.7009,0.7516,72.6577,8719.838,7.6973,209.0963,7.7574,25.9119,6.6323,130.6969,357.6055,16837.1183,3.6283,0.7516,85.4741,1309.0725,41874.6918,127.746,0.7516,158.4778,0.709,143.6909,129.265,86.6235,3983.8974,1.5651,433.059,1438.3737,0.3064,0.8333,514.175,21737.6797,89500.0,299.3322,199.9741,18.715,5.4594,9.2592,17.2285,4509.0371,54.1171,2097.8589,3591.8736,7.9901,39.6925,45.2162,15.4196,1733.7017,19.5309,4.3741,63.6624,18.715,1605.1204,36.7744,10.4319,136.7584,1.6797,0.3845,1.0,3.684,4.0792,56.2404,281.1078,3.761,8028.9366,3.64,4.3808,103.1528,82.6214,1424.8411,3.75,8.5083,14.3046,484.9103,9.6965,1.3145,0.7516,22.6844,22684.4001,571.4279,36.6779,4514.3095,21.5663,12887.7408,18.715,33.5294,10.6935,3.4958,2.9891,2.3737,38.4272,6.7792,1.5651,32.4761,2683.0108,41.8,3651.0934,41.9523,12916.4637,86.1143,26018.9085,120.038,2.7575,577.412,2.7,1.79,0.7385,577.412,105.0431,244.9294,18.7195,28.0633,26.8038
2025-04-29 00:00:01,1745884801,1,3.6725,71.1361,86.9721,389.9026,1.79,918.3561,1163.17,1.5594,1.79,1.6999,1.7172,2.0,121.4908,1.7177,0.376,2955.4413,1.0,1.3121,6.9181,5.6892,1.0,85.2455,13.7418,3.0549,2.0,1.3847,2891.6504,0.8248,935.3896,7.2949,4212.1596,505.4392,24.0,96.8104,21.9412,177.721,6.5473,59.0726,132.3806,50.8426,15.0,131.7817,0.8779,2.2591,0.7467,6.5523,0.7465,2.7485,0.7467,14.5835,0.7467,72.6923,8705.5594,7.6961,209.1773,7.7573,25.9057,6.6151,130.7611,355.437,16842.4486,3.6199,0.7467,85.2166,1309.5865,41986.2768,128.0175,0.7467,158.3504,0.709,142.7664,129.3011,86.8834,3982.452,1.5598,431.9377,1438.0375,0.3066,0.8333,513.2605,21737.7821,89500.0,299.3175,199.8478,18.582,5.4663,9.2665,17.2318,4508.623,54.1184,2098.6346,3588.6771,7.99,39.7338,45.2644,15.4242,1740.7573,19.5704,4.3653,63.7622,18.582,1602.8432,36.7772,10.3782,136.3928,1.6754,0.3845,1.0,3.6704,4.0879,56.4102,281.2858,3.7522,8028.4967,3.64,4.3828,103.0601,82.5634,1437.3888,3.75,8.5438,14.2148,464.7577,9.631,1.3117,0.7467,22.6844,22684.4001,571.6895,36.6893,4545.4343,21.5105,12882.0132,18.582,33.5492,10.7559,3.4994,2.987,2.355,38.476,6.7411,1.5598,32.4056,2687.347,41.7243,3650.2602,41.7979,12950.9595,86.6564,25990.8711,120.0172,2.773,575.9169,2.7,1.79,0.7386,575.9169,104.7711,245.0027,18.54,28.0075,26.8095
2025-04-30 00:00:01,1745971201,1,3.6725,70.9584,86.782,389.9021,1.79,918.243,1170.67,1.5645,1.79,1.7005,1.7173,2.0,121.5,1.7175,0.376,2954.2386,1.0,1.3085,6.9176,5.655,1.0,85.2183,13.7041,3.0524,2.0,1.3839,2882.8224,0.8241,943.6795,7.2743,4210.8649,504.9542,24.0,96.8156,21.9027,177.721,6.5522,58.8495,132.3973,50.8016,15.0,132.3384,0.8781,2.2528,0.746,6.5526,0.7461,2.7497,0.746,14.3404,0.746,72.7,8698.1694,7.7017,209.6895,7.7583,25.9262,6.6155,130.6641,355.0713,16731.4579,3.624,0.746,85.2184,1308.7194,41991.8107,128.3463,0.746,158.4119,0.709,142.3246,129.2923,87.0935,4026.7938,1.565,431.9608,1433.504,0.3064,0.8333,512.1031,21704.1039,89500.0,299.3413,199.8861,18.5447,5.4665,9.2601,17.1502,4505.4667,54.2379,2098.8531,3581.085,7.991,39.7408,45.0517,15.4444,1741.6056,19.5726,4.3277,63.782,18.5447,1601.1782,36.7914,10.3694,136.3493,1.6836,0.3845,1.0,3.6672,4.1028,56.0867,281.1451,3.749,8026.0982,3.64,4.3713,102.9144,81.9349,1451.6279,3.75,8.5503,14.6335,460.9319,9.6342,1.3085,0.746,22.6844,22684.4001,571.3184,36.6923,4594.8425,21.5117,12884.7736,18.5447,33.4103,10.7469,3.4996,2.9792,2.3554,38.5176,6.7425,1.565,32.2124,2687.3856,41.5604,3661.3257,42.0282,12935.0729,86.8465,26020.9877,120.688,2.7584,575.9477,2.7,1.79,0.7372,575.9477,104.7767,245.1184,18.5441,28.1983,26.8115
2025-05-01 00:00:01,1746057601,1,3.6725,70.8298,86.7729,390.3035,1.79,919.4801,1172.0,1.5621,1.79,1.6995,1.7245,2.0,121.4767,1.724,0.376,2962.1047,1.0,1.3061,6.9234,5.6186,1.0,84.7159,13.6831,3.0644,2.0,1.3805,2882.4688,0.8251,945.1333,7.268,4192.6265,504.8937,24.0,97.2225,21.9461,177.721,6.5747,58.8209,132.3722,50.7969,15.0,133.3589,0.8817,2.2548,0.7497,6.5749,0.7497,2.7488,0.7497,14.2283,0.7497,72.6865,8681.4784,7.6958,209.7077,7.756,25.9306,6.6433,130.5368,356.069,16603.7393,3.6308,0.7497,84.7165,1308.903,41895.5253,128.3859,0.7497,158.41,0.709,142.8465,129.1708,87.327,4011.3905,1.5627,433.7763,1423.7167,0.3063,0.8333,512.5182,21655.8461,89500.0,299.2235,199.842,18.5792,5.4554,9.2595,17.1443,4457.7403,54.0956,2098.1932,3563.3333,7.9887,39.6852,45.0326,15.4452,1738.0973,19.5871,4.3154,63.8548,18.5792,1601.6158,36.7672,10.3942,135.5454,1.6853,0.3845,1.0,3.6684,4.0874,55.8252,280.9017,3.7657,8017.9799,3.64,4.3774,103.0279,81.7135,1444.6677,3.75,8.5189,14.4992,543.8693,9.6598,1.3061,0.7497,22.7249,22724.9437,571.15,36.6899,4534.6828,21.6021,12931.2691,18.5792,33.3806,10.554,3.4997,2.969,2.3838,38.519,6.7615,1.5627,31.97,2673.9172,41.4728,3657.832,42.0421,12918.6656,87.5681,25988.3961,120.4543,2.7782,578.3684,2.7,1.79,0.7369,578.3684,105.217,244.6058,18.5788,27.9038,26.8158
2025-05-02 00:00:01,1746144001,1,3.6725,70.9011,86.9742,389.8138,1.79,919.4801,1172.0,1.5659,1.79,1.7002,1.7302,2.0,121.4673,1.7299,0.376,2966.8522,1.0,1.3104,6.921,5.6725,1.0,84.674,13.6945,3.0487,2.0,1.384,2890.3141,0.8284,946.5767,7.2721,4235.0388,505.5665,24.0,97.5453,22.0533,177.721,6.6029,58.8633,132.5028,50.8078,15.0,133.6077,0.8845,2.2584,0.7524,6.6028,0.7523,2.7478,0.7524,14.1746,0.7524,72.6956,8697.1906,7.6986,209.7926,7.7565,25.9419,6.6654,130.5447,357.471,16631.6121,3.621,0.7524,84.6744,1309.7944,41921.6419,128.5896,0.7524,158.5947,0.709,144.6831,129.324,87.4278,3990.0268,1.5662,435.2165,1431.1691,0.3066,0.8333,513.9186,21752.1891,89500.0,299.2924,200.0286,18.5728,5.4571,9.2625,17.1313,4476.1767,54.1288,2099.5691,3588.4712,7.9892,39.7553,45.0843,15.4498,1739.3939,19.607,4.3152,63.7719,18.5728,1601.7252,36.794,10.4267,135.4784,1.6915,0.3845,1.0,3.6638,4.1148,55.8849,280.8357,3.7825,8029.1985,3.64,4.3905,103.5008,81.9311,1447.8067,3.75,8.546,14.2268,511.2316,9.7365,1.31,0.7524,22.7249,22724.9437,571.0136,36.6922,4552.9285,21.6738,12915.2268,18.5728,33.4674,10.5555,3.4998,2.9732,2.364,38.53,6.7687,1.5662,32.0418,2677.1005,41.5164,3658.3838,42.0824,12912.7237,87.5681,25998.4852,120.8747,2.7697,580.2887,2.7,1.79,0.7369,580.2887,105.5664,244.7762,18.5693,27.9896,26.8158
2025-05-03 00:00:02,1746230402,1,3.6725,70.859,86.9626,389.7667,1.79,919.4548,1172.0,1.5522,1.79,1.7005,1.7286,2.0,121.4923,1.7281,0.376,2951.1695,1.0,1.298,6.9235,5.6718,1.0,84.5481,13.6491,3.0339,2.0,1.381,2890.277,0.8262,947.2086,7.2457,4233.537,505.5127,24.0,97.4537,21.9915,177.721,6.5837,58.8216,132.4509,50.7941,15.0,133.6071,0.8838,2.2567,0.7533,6.5837,0.7533,2.7463,0.7533,14.0253,0.7533,72.7011,8682.3893,7.6988,209.7942,7.7507,25.9407,6.6591,130.5456,357.0807,16454.7901,3.6033,0.7533,84.5484,1309.8057,41972.0307,128.8427,0.7533,158.5349,0.709,144.8267,129.3432,87.3514,3989.9,1.553,434.808,1398.8,0.3066,0.8333,514.6418,21763.0594,89500.0,299.4417,199.9875,18.4063,5.4572,9.266,17.2087,4476.5958,54.1299,2099.5922,3590.9845,7.9833,39.7564,45.2615,15.4519,1744.4409,19.6198,4.2771,63.8339,18.4063,1601.5262,36.7881,10.391,135.2769,1.6818,0.3845,1.0,3.6637,4.1159,55.65,280.9338,3.7734,8036.7548,3.64,4.3907,103.4985,82.4564,1453.9741,3.75,8.5457,14.2125,510.1539,9.6501,1.298,0.7533,22.7249,22724.9437,571.0141,36.6923,4580.5565,21.6534,12892.4772,18.4063,32.9665,10.5963,3.4999,2.9834,2.3678,38.5877,6.7645,1.553,30.6667,2686.6533,41.7346,3660.1604,42.0504,12919.3252,88.6405,26008.2382,120.9721,2.7693,579.744,2.7,1.79,0.7394,579.744,105.4673,244.7129,18.4065,27.9617,26.8193
2025-05-04 00:00:01,1746316801,1,3.6725,70.8612,86.9672,389.7767,1.79,919.4163,1172.0,1.5541,1.79,1.7005,1.7284,2.0,121.4922,1.7282,0.376,2950.6292,1.0,1.2969,6.9234,5.6718,1.0,84.5134,13.6516,3.0346,2.0,1.3815,2890.2207,0.8262,947.213,7.2474,4234.1882,505.5273,24.0,97.4405,21.9979,177.721,6.5899,58.8231,132.4532,50.7938,15.0,133.606,0.8837,2.2568,0.753,6.5899,0.753,2.7463,0.753,14.0322,0.753,72.7003,8684.8404,7.6989,209.7967,7.7515,25.941,6.6582,130.4841,357.1313,16452.1938,3.6033,0.753,84.5138,1309.8229,41968.6586,128.8317,0.753,158.552,0.709,144.7916,129.3478,87.3515,3989.7078,1.5541,434.749,1399.9174,0.3066,0.8333,514.9123,21765.4158,89500.0,299.4338,199.9912,18.4022,5.4572,9.2657,17.2068,4477.4482,54.3222,2099.607,3588.5314,7.984,39.758,45.2377,15.452,1743.7624,19.6152,4.2823,63.8243,18.4022,1601.6549,36.7888,10.387,135.2215,1.6825,0.3845,1.0,3.6637,4.1164,55.6427,280.918,3.7744,8036.9856,3.64,4.3916,103.5041,82.4569,1453.3159,3.75,8.5459,14.2133,508.5211,9.6479,1.2988,0.753,22.7249,22724.9437,571.0148,36.6924,4578.0791,21.6505,12891.4321,18.4022,32.983,10.5947,3.4999,2.9832,2.3671,38.5867,6.7601,1.5541,30.7137,2686.5773,41.7333,3659.8213,42.0517,12919.1724,88.6405,26006.2306,120.9588,2.7691,579.6653,2.7,1.79,0.7395,579.6653,105.453,244.7174,18.4024,27.9668,26.8193
2025-05-05 00:00:01,1746403201,1,3.6725,71.1535,87.0052,389.3915,1.79,921.0402,1172.0,1.551,1.79,1.7006,1.7294,2.0,121.5398,1.7293,0.376,2971.6581,1.0,1.2964,6.9209,5.6658,1.0,84.5934,13.655,3.0385,2.0,1.3817,2893.1374,0.8254,948.3708,7.2335,4247.0869,505.233,24.0,97.4988,22.0106,177.721,6.5953,58.9313,132.6111,50.7741,15.0,133.4784,0.8841,2.2565,0.7541,6.5961,0.7541,2.7453,0.7541,13.9691,0.7541,72.7043,8742.5179,7.7021,209.2742,7.7508,25.9881,6.6622,130.5799,357.2648,16476.9744,3.6064,0.7541,84.5939,1310.7436,41950.7977,129.0456,0.7541,158.5159,0.709,144.7047,129.3451,87.3521,3985.028,1.5511,435.0092,1396.7422,0.3067,0.8333,516.6163,21802.139,89500.0,299.2673,200.14,18.402,5.4593,9.2723,17.1914,4444.4508,54.3036,2101.0419,3574.492,7.9833,39.8152,45.366,15.4556,1735.6291,19.6201,4.2516,63.8997,18.402,1604.9457,36.8182,10.4117,135.3494,1.6808,0.3845,1.0,3.665,4.1342,55.6742,281.181,3.7777,8042.6623,3.64,4.3871,103.5217,82.6001,1450.36,3.75,8.5151,14.2159,458.6995,9.6515,1.2964,0.7541,22.7249,22724.9437,571.2097,36.7,4565.7472,21.6635,12894.6439,18.402,33.0436,10.5861,3.4998,2.9877,2.3765,38.6309,6.7847,1.5511,30.479,2689.2542,41.7172,3654.0271,41.9818,12918.3617,88.6405,25980.689,120.7701,2.7843,580.0122,2.7,1.79,0.7395,580.0122,105.5161,244.8866,18.4014,27.8016,26.8193
2025-05-06 00:00:01,1746489601,1,3.6725,70.9027,86.8678,389.4909,1.79,919.5038,1178.5,1.5453,1.79,1.6999,1.7276,2.0,121.509,1.7272,0.376,2955.587,1.0,1.2901,6.923,5.6559,1.0,84.3505,13.6143,3.0413,2.0,1.381,2886.1483,0.8227,946.7574,7.2431,4254.9542,505.9271,24.0,97.3966,22.0005,177.721,6.5812,58.8522,132.6883,50.6824,15.0,132.8428,0.8833,2.2468,0.7521,6.5813,0.7521,2.745,0.7521,13.7906,0.7521,72.7028,8703.7978,7.7024,209.2679,7.7508,25.9614,6.6552,130.6301,356.3312,16443.6105,3.6151,0.7521,84.3508,1309.9884,41995.6325,129.111,0.7521,158.6626,0.709,143.7847,129.2058,87.3506,4032.03,1.5452,434.5531,1375.6102,0.3066,0.8333,517.192,21785.4162,89500.0,299.3162,200.0157,18.2768,5.4595,9.2385,17.1997,4446.0043,54.2855,2099.3614,3543.6361,7.9833,39.8248,45.3047,15.451,1742.5357,19.6455,4.2259,63.9101,18.2768,1600.0604,36.8143,10.3932,134.9609,1.6757,0.3845,1.0,3.6588,4.0862,55.6576,281.164,3.7678,8046.4945,3.64,4.389,103.5255,81.534,1433.9697,3.75,8.5115,14.6471,453.9063,9.6581,1.2901,0.7521,22.7249,22724.9437,571.878,36.6987,4598.3522,21.6407,12883.9004,18.2768,32.92,10.6067,3.5,2.9927,2.3547,38.5967,6.7909,1.5452,29.2122,2677.519,41.6165,3655.2702,41.9818,12913.3931,88.7224,25982.324,120.6716,2.7713,579.4041,2.7,1.79,0.7392,579.4041,105.4055,244.7999,18.2775,27.7202,6.8208
2025-05-07 00:00:01,1746576001,1,3.6725,71.1199,86.8437,389.5887,1.79,919.0097,1203.83,1.5421,1.79,1.7002,1.7247,2.0,121.6284,1.7247,0.376,2955.4343,1.0,1.2888,6.9577,5.6993,1.0,84.3987,13.6268,3.033,2.0,1.3778,2871.0518,0.825,942.497,7.2096,4323.7867,507.8968,24.0,97.237,22.0097,177.721,6.58,59.007,133.0176,50.6572,15.0,132.3915,0.8818,2.2634,0.7488,6.5789,0.7488,2.7457,0.7488,13.5356,0.7488,72.7035,8703.6509,7.7319,209.2551,7.7514,26.0548,6.6443,130.6265,356.6519,16440.6529,3.6065,0.7488,84.3945,1310.0256,41999.0554,129.5221,0.7488,158.6806,0.709,143.001,129.1821,87.3497,4033.0731,1.5422,433.8407,1379.4433,0.3069,0.8333,514.7081,21878.1765,89500.0,299.3026,200.8376,18.2264,5.477,9.212,17.1738,4435.5409,54.3677,2107.7517,3551.1974,7.9839,39.8402,45.315,15.435,1742.6773,19.6807,4.231,63.9119,18.2264,1601.1449,36.9441,10.2903,135.038,1.6664,0.3845,1.0,3.659,4.0991,55.4586,281.3287,3.7715,8074.6608,3.64,4.4816,103.4047,81.3023,1425.2096,3.75,8.5631,14.7012,449.083,9.5841,1.2888,0.7488,22.7249,22724.9437,571.9079,36.6992,4601.249,21.6053,12933.3111,18.2264,32.664,10.6083,3.5,2.9931,2.3583,38.6621,6.8388,1.5422,29.7581,2677.7207,41.4583,3657.451,42.1146,12929.8953,91.2113,25993.8873,120.8432,2.7694,578.4543,2.7,1.79,0.7381,578.4543,105.2327,245.7172,18.2265,27.4422,6.8272
2025-05-08 00:00:02,1746662402,1,3.6725,70.8998,86.3089,389.3796,1.79,920.2095,1153.5,1.5495,1.79,1.7017,1.7265,2.0,121.5617,1.726,0.376,2965.718,1.0,1.2925,6.9313,5.7201,1.0,84.7678,13.5772,3.0448,2.0,1.3812,2885.5921,0.8236,939.7434,7.2244,4312.1208,506.502,24.0,97.3351,21.9772,177.721,6.5911,58.9168,132.7108,50.6348,15.0,133.5519,0.8827,2.256,0.7506,6.5909,0.7505,2.7458,0.7506,13.4249,0.7506,72.7185,8693.3839,7.7023,209.3636,7.7597,26.0085,6.651,130.7104,356.7089,16554.9935,3.586,0.7506,84.7697,1310.7158,41944.52,128.8844,0.7506,158.9789,0.709,143.5331,129.1846,87.4126,3997.6467,1.5495,434.2786,1392.6941,0.3067,0.8333,515.0449,21723.1473,89500.0,299.3494,200.2489,18.2466,5.4641,9.2213,17.1415,4441.1116,54.3254,2101.5107,3581.464,7.9927,39.8882,45.3692,15.4709,1739.7946,19.6102,4.2385,63.9364,18.2466,1605.7659,36.8288,10.3194,135.6285,1.6775,0.3845,1.0,3.658,4.1424,55.4583,281.3422,3.7686,8025.3548,3.64,4.496,103.2491,80.8334,1448.9084,3.75,8.5477,14.6532,544.5288,9.6298,1.2923,0.7506,22.7783,22778.2927,572.0446,36.7358,4539.1679,21.6271,12958.9036,18.2466,32.7122,10.4029,3.5015,2.99,2.3657,38.6577,6.7957,1.5495,30.1999,2692.2276,41.431,3659.9735,41.9087,12927.1374,91.9165,25957.1821,120.6172,2.6579,579.0381,2.7,1.79,0.7362,579.0381,105.3389,244.5618,18.2466,26.905,6.8307
2025-05-09 00:00:02,1746748802,1,3.6725,70.567,86.6307,389.3439,1.79,919.8429,1117.5,1.5608,1.79,1.7007,1.7374,2.0,121.483,1.7368,0.376,2961.2212,1.0,1.2987,6.9246,5.7227,1.0,85.6008,13.5578,3.0252,2.0,1.3903,2889.5503,0.8289,945.4453,7.2384,4303.1493,507.1347,24.0,97.9528,22.1234,177.721,6.6342,58.7877,132.6659,50.6165,15.0,133.5372,0.8883,2.2574,0.7536,6.6341,0.7537,2.7449,0.7536,13.3192,0.7536,72.714,8696.8881,7.6915,209.3029,7.7735,25.9538,6.6932,130.749,360.1837,16535.7308,3.5747,0.7536,85.6035,1310.35,41970.1596,129.6492,0.7536,158.9509,0.709,145.32,129.1436,87.4467,4022.0197,1.5607,437.0344,1401.0703,0.3067,0.8333,515.828,21699.8205,89500.0,298.9819,199.9179,18.2028,5.464,9.2241,17.1727,4441.8039,54.2784,2098.4518,3595.6242,8.0064,39.8697,45.2757,15.4504,1740.9926,19.5428,4.2787,63.9272,18.2028,1606.9837,36.7733,10.4024,136.9613,1.692,0.3845,1.0,3.652,4.1066,55.7079,282.0785,3.783,8019.8144,3.64,4.5382,103.5572,82.1831,1454.9884,3.75,8.533,14.2604,512.2338,9.7101,1.2987,0.7536,22.7783,22778.2927,571.9417,36.7241,4562.8056,21.7643,12913.1986,18.2028,32.7694,10.4956,3.501,2.9985,2.3579,38.6748,6.7837,1.5607,30.1897,2692.6051,41.535,3658.1795,41.7778,12898.0123,92.831,25965.2066,120.5956,2.7389,582.7125,2.7,1.79,0.7398,582.7125,106.0073,244.4165,18.2084,26.7261,6.8337
2025-05-10 00:00:02,1746835202,1,3.6725,70.5624,86.59,389.3517,1.79,919.6297,1113.58,1.5592,1.79,1.7007,1.7377,2.0,121.4736,1.7377,0.376,2952.4259,1.0,1.2976,6.9292,5.662,1.0,85.4996,13.6011,3.0281,2.0,1.3925,2877.9429,0.8306,937.6425,7.2417,4308.2513,507.3426,24.0,97.9655,22.1462,177.721,6.6257,58.8205,132.6882,50.6166,15.0,133.2017,0.8885,2.2571,0.7522,6.6257,0.7522,2.7449,0.7522,13.3617,0.7522,72.7133,8683.8689,7.6941,209.3009,7.778,25.9735,6.6941,130.7025,359.2082,16555.6393,3.5511,0.7522,85.4999,1310.3383,41965.5254,130.3873,0.7522,159.1888,0.709,145.2022,129.1604,87.4565,4022.1831,1.5595,437.0914,1397.2746,0.3066,0.8333,515.9758,21743.5188,89500.0,298.9875,200.0435,18.2083,5.464,9.2384,17.1695,4444.4345,54.5198,2099.3663,3582.2209,8.0111,39.8692,45.5544,15.4502,1744.7471,19.4887,4.2951,63.9244,18.2083,1604.2545,36.792,10.3624,136.7994,1.6915,0.3845,1.0,3.6539,4.1099,55.4365,282.2899,3.7636,8028.242,3.64,4.5438,103.5297,82.8297,1454.1394,3.75,8.5388,14.6531,511.196,9.7027,1.2976,0.7522,22.7783,22778.2927,571.9384,36.7237,4582.0405,21.7672,12896.7882,18.2083,32.9436,10.4909,3.5011,3.0033,2.3615,38.7427,6.7877,1.5595,30.0352,2686.2372,41.5001,3657.9658,41.8003,12900.0935,93.0495,25977.9458,120.7052,2.7422,582.7886,2.7,1.79,0.7413,582.7886,106.0212,244.4706,18.2083,26.6872,26.8401
2025-05-11 00:00:01,1746921601,1,3.6725,70.5574,86.5957,389.3502,1.79,918.1026,1113.58,1.5591,1.79,1.7007,1.7377,2.0,121.4812,1.7377,0.376,2951.8339,1.0,1.2976,6.929,5.6651,1.0,85.4746,13.5983,3.0272,2.0,1.3921,2872.7013,0.8304,937.5794,7.2422,4308.0869,507.3472,24.0,97.9692,22.1505,177.721,6.6277,58.8177,132.6862,50.6175,15.0,132.9531,0.8885,2.2571,0.7522,6.6277,0.7522,2.7449,0.7522,13.3591,0.7522,72.7133,8686.4703,7.6939,209.298,7.7782,25.9723,6.6943,130.59,359.2931,16548.4489,3.5512,0.7522,85.4749,1310.3204,41966.9573,130.381,0.7522,159.1085,0.709,145.1877,129.1349,87.4541,4022.4313,1.5597,437.1078,1397.8186,0.3066,0.8333,515.9472,21743.7221,89500.0,298.9969,200.0352,18.204,5.4639,9.2372,17.1705,4444.3302,54.7688,2099.2991,3580.8457,8.0106,39.8685,45.5109,15.4499,1744.0851,19.4747,4.2945,63.9247,18.204,1604.3872,36.791,10.3636,136.7594,1.6914,0.3845,1.0,3.6538,4.1092,55.4431,282.2202,3.7644,8028.4496,3.64,4.5437,103.5342,82.7463,1452.8434,3.75,8.5386,14.6476,509.6206,9.7021,1.2976,0.7522,22.7783,22778.2927,571.9334,36.7232,4579.7248,21.768,12895.1917,18.204,32.9355,10.4923,3.501,3.0025,2.3609,38.7319,6.7874,1.5597,30.067,2684.4297,41.5002,3657.7401,41.7982,12899.4503,93.0495,25974.3101,120.6939,2.742,582.8104,2.7,1.79,0.7413,582.8104,106.0251,244.4692,18.2041,26.6929,26.8401
2025-05-12 00:00:01,1747008001,1,3.6725,70.2412,87.3076,389.4771,1.79,920.3458,1113.58,1.5572,1.79,1.6997,1.7403,2.0,121.4772,1.7403,0.376,2973.395,1.0,1.2976,6.9283,5.651,1.0,85.4921,13.5646,3.0381,2.0,1.3907,2887.7409,0.833,936.9583,7.2326,4229.3446,507.7086,24.0,98.1166,22.2016,177.721,6.6405,58.805,133.0175,50.6122,15.0,134.608,0.89,2.2695,0.7524,6.6401,0.7525,2.7425,0.7524,13.2024,0.7524,72.71,8747.3412,7.6924,209.2227,7.7782,25.9635,6.7044,130.7331,359.7257,16552.0373,3.5467,0.7524,85.4925,1311.5248,41949.5667,130.4969,0.7524,159.2482,0.709,145.5693,129.1829,87.4851,3987.3993,1.5571,437.7656,1396.6911,0.3068,0.8333,516.3643,21763.2017,89500.0,298.6793,199.9765,18.2105,5.4795,9.2469,17.1632,4447.2753,54.7342,2100.5128,3585.3082,8.0115,39.8468,45.6511,15.4503,1736.5266,19.4478,4.2971,63.9157,18.2105,1607.4895,36.7844,10.3721,136.7873,1.6893,0.3845,1.0,3.6504,4.1276,55.4314,281.3283,3.7717,8044.2196,3.64,4.546,104.1198,82.695,1451.9746,3.75,8.5504,14.2296,458.9987,9.7167,1.2976,0.7524,22.7783,22778.2927,571.5625,36.6573,4568.1993,21.8007,12892.4415,18.2105,33.0217,10.4746,3.5014,3.0032,2.3752,38.7465,6.7893,1.5571,29.9975,2695.2687,41.5334,3655.167,41.7967,12907.2602,93.0495,25964.3737,120.7014,2.7482,583.6874,2.7,1.79,0.7414,583.6874,106.1847,244.503,18.2104,26.3872,26.8401
2025-05-13 00:00:02,1747094402,1,3.6725,70.3016,87.8272,389.1411,1.79,918.6005,1126.0,1.5675,1.79,1.7026,1.7601,2.0,121.5314,1.7602,0.376,2977.7678,1.0,1.3056,6.9327,5.6738,1.0,84.9631,13.6339,3.0255,2.0,1.3978,2874.1508,0.8435,936.4299,7.2042,4226.1431,507.859,24.0,99.2305,22.489,177.721,6.7183,58.859,133.4429,50.5118,15.0,133.3447,0.8999,2.2613,0.7583,6.7185,0.7583,2.7424,0.7583,13.0187,0.7583,72.7054,8708.3458,7.7004,209.2798,7.7922,25.9905,6.7805,130.7646,364.9543,16595.3602,3.5646,0.7583,84.969,1311.9378,41995.167,131.8685,0.7583,159.0068,0.709,147.8563,129.2866,87.3843,3987.979,1.5676,442.7351,1416.3014,0.3074,0.8333,512.7043,21792.5855,89500.0,298.8686,200.1212,18.2668,5.4799,9.293,17.1806,4457.8265,54.7006,2102.8752,3554.2763,8.0263,39.8424,45.6956,15.4618,1743.5992,19.6001,4.297,63.797,18.2668,1599.4445,36.8229,10.4465,135.941,1.7057,0.3845,1.0,3.6562,4.1318,55.7607,281.3024,3.8192,8046.3436,3.64,4.5884,104.7333,80.9766,1438.1604,3.75,8.5134,14.2248,453.9692,9.8154,1.3053,0.7583,22.7783,22778.2927,571.719,36.653,4598.6166,22.0482,12905.4306,18.2668,33.4231,10.5216,3.5013,3.0312,2.3759,38.7989,6.7979,1.5676,30.2547,2680.3159,41.5437,3658.1554,41.8283,12896.3289,93.0623,25973.7639,120.4503,2.7496,590.3134,2.7,1.79,0.7453,590.3134,107.3901,244.6831,18.2629,26.4381,26.8496
2025-05-14 00:00:02,1747180802,1,3.6725,70.009,88.4222,388.3044,1.79,919.5498,1125.67,1.5516,1.79,1.7002,1.7513,2.0,121.4641,1.7523,0.376,2960.5189,1.0,1.3029,6.9207,5.6651,1.0,85.2512,13.6659,3.0014,2.0,1.3953,2874.9627,0.8407,946.3032,7.1992,4218.9393,507.9457,24.0,98.7346,22.3635,177.721,6.6752,58.7539,133.7415,50.4626,15.0,130.7133,0.8961,2.2745,0.7538,6.6754,0.7538,2.7432,0.7538,12.7814,0.7538,72.7039,8713.7063,7.6907,209.1878,7.7968,25.9838,6.7466,130.684,362.5187,16556.5681,3.5605,0.7538,85.2551,1308.5519,42000.2972,131.8238,0.7538,159.2401,0.709,147.678,129.1159,87.3944,3993.7166,1.5514,440.5226,1418.1514,0.3074,0.8333,508.3697,21778.4215,89500.0,298.7358,199.9127,18.3125,5.4922,9.3153,17.2034,4502.232,55.5262,2103.0029,3548.7162,8.0303,39.6455,46.1916,15.4515,1744.9122,19.4535,4.3226,63.912,18.3125,1599.8776,36.7835,10.3753,136.4018,1.6871,0.3845,1.0,3.6567,4.1379,55.7844,281.7573,3.8051,8041.9619,3.64,4.5908,105.1907,80.2414,1456.0361,3.75,8.3768,14.2164,449.1821,9.7291,1.3032,0.7538,22.7783,22778.2927,571.571,36.6523,4601.2853,21.938,12903.6223,18.3125,33.2654,10.5256,3.5,3.0261,2.3746,38.7952,6.7844,1.5514,30.357,2680.0352,41.4724,3660.0228,41.738,12936.2781,93.5796,25957.7683,120.425,2.7533,587.3634,2.7,1.79,0.7449,587.3634,106.8534,244.4209,18.3106,26.5128,26.856
2025-05-15 00:00:02,1747267202,1,3.6725,70.2122,87.8777,387.8372,1.79,919.4197,1129.83,1.5514,1.79,1.7001,1.7475,2.0,121.5536,1.7471,0.376,2967.1493,1.0,1.3005,6.9363,5.6106,1.0,85.4426,13.615,3.0475,2.0,1.3967,2884.9278,0.8401,941.2327,7.2114,4217.3868,508.2827,24.0,98.519,22.2674,177.721,6.6676,58.8502,133.3961,50.3944,15.0,134.2174,0.8935,2.2631,0.7529,6.6681,0.7529,2.741,0.7529,12.5582,0.7529,72.6842,8690.7012,7.6911,209.2042,7.8046,26.0164,6.7319,130.8087,360.3085,16575.5722,3.5515,0.7529,85.4468,1309.0059,42023.961,129.4217,0.7529,159.5873,0.709,146.482,129.176,87.4029,3997.523,1.5515,439.5608,1402.3632,0.3076,0.8333,508.3017,21730.1273,89500.0,298.5762,200.3207,18.2496,5.5171,9.2866,17.4219,4494.6316,55.1115,2102.8042,3599.0807,8.039,39.8439,46.003,15.4669,1740.0523,19.384,4.2938,63.8778,18.2496,1598.4698,36.8178,10.3677,136.7081,1.6927,0.3845,1.0,3.669,4.1308,55.8729,281.9629,3.7827,8020.3665,3.64,4.5526,104.5999,80.381,1449.631,3.75,8.5342,14.6894,544.2926,9.7356,1.3004,0.7529,22.7481,22748.0773,571.354,36.684,4541.5923,21.8901,12962.1805,18.2496,33.355,10.4557,3.4996,3.0176,2.3658,38.8159,6.7807,1.5515,30.2443,2682.6117,41.5509,3657.9627,41.8158,12950.4725,94.1557,25951.2408,119.695,2.7626,586.0811,2.7,1.79,0.7391,586.0811,106.6201,244.5627,18.2432,26.5854,26.8619
2025-05-16 00:00:01,1747353601,1,3.6725,70.219,87.8716,386.8652,1.79,918.0709,1135.5,1.5611,1.79,1.7002,1.7474,2.0,121.5414,1.7475,0.376,2971.5911,1.0,1.2975,6.9262,5.6394,1.0,85.5508,13.5917,3.0355,2.0,1.3969,2879.9519,0.8362,942.2963,7.2077,4209.0442,507.6685,24.0,98.5137,22.2731,177.721,6.6653,58.8393,133.2762,50.1559,15.0,133.9884,0.8934,2.2634,0.752,6.6655,0.7521,2.741,0.752,12.4437,0.752,72.6941,8700.4833,7.6861,209.1994,7.8062,25.9958,6.7315,130.7259,360.1318,16505.7014,3.5508,0.752,85.5509,1308.5527,42012.0439,129.344,0.752,159.1644,0.709,145.7184,129.1921,87.3976,3995.2967,1.5611,439.5373,1396.9921,0.3074,0.8333,510.9322,21762.0132,89500.0,298.3676,200.2118,18.039,5.5171,9.2906,17.4074,4503.8612,54.9427,2102.5648,3585.8974,8.0403,39.8432,45.9728,15.4626,1742.0249,19.4558,4.283,63.893,18.039,1600.8067,36.7972,10.4197,136.8813,1.7021,0.3845,1.0,3.6785,4.12,55.7782,281.8218,3.7899,8031.3875,3.64,4.5553,104.7207,80.2222,1455.4865,3.75,8.5506,14.5799,511.6461,9.735,1.2975,0.752,22.7481,22748.0773,571.2987,36.493,4564.3683,21.889,12934.6373,18.039,33.25,10.3969,3.4998,3.0192,2.3768,38.7906,6.7852,1.5611,30.089,2681.7336,41.4839,3656.8263,41.7141,12955.7779,94.3241,25930.005,119.7097,2.7694,586.0498,2.7,1.79,0.7405,586.0498,106.6144,244.4622,18.0383,26.6514,26.864
2025-05-17 00:00:02,1747440002,1,3.6725,70.1443,87.8709,386.4509,1.79,918.5182,1146.17,1.561,1.79,1.7004,1.7512,2.0,121.5282,1.7507,0.376,2954.8022,1.0,1.2994,6.9276,5.684,1.0,85.6036,13.5845,3.02,2.0,1.3973,2870.3801,0.8381,940.008,7.2103,4210.3934,507.55,24.0,98.7256,22.2832,177.721,6.6819,58.8264,133.2079,50.1443,15.0,133.4194,0.8954,2.2635,0.7532,6.6819,0.7532,2.7413,0.7532,12.4118,0.7532,72.7006,8685.9194,7.6846,209.1992,7.814,26.0028,6.746,130.7145,360.152,16467.5731,3.554,0.7532,85.6035,1308.5377,42007.1461,130.5253,0.7532,159.4125,0.709,145.7481,129.2541,87.3708,3995.223,1.5613,440.4827,1396.9108,0.3074,0.8333,510.1701,21789.2702,89500.0,298.4264,200.1837,18.0591,5.5171,9.2901,17.4328,4512.9963,55.0481,2102.5853,3587.4451,8.0484,39.8432,45.9218,15.4607,1745.3947,19.4855,4.2938,63.9027,18.0591,1599.3803,36.7952,10.3942,136.9657,1.7003,0.3845,1.0,3.6889,4.1183,55.8255,281.753,3.8107,8038.1385,3.64,4.5581,104.7166,80.5588,1454.3158,3.75,8.5505,14.2257,510.5663,9.7759,1.2994,0.7532,22.7481,22748.0773,571.2969,36.4908,4582.9626,21.936,12912.1819,18.0591,33.3782,10.4041,3.4999,3.0243,2.3759,38.8423,6.7792,1.5613,30.1255,2677.7876,41.5012,3658.7922,41.7123,12938.2636,94.763,25927.9251,119.6321,2.7668,587.3103,2.7,1.79,0.7408,587.3103,106.8438,244.3647,18.0591,26.8291,26.8695
2025-05-18 00:00:01,1747526401,1,3.6725,70.1473,87.8705,386.4515,1.79,919.6121,1146.17,1.5609,1.79,1.7003,1.751,2.0,121.5291,1.7509,0.376,2954.2419,1.0,1.2992,6.9275,5.6843,1.0,85.6202,13.5858,3.0212,2.0,1.397,2876.8727,0.8379,939.988,7.2107,4210.289,507.5477,24.0,98.7187,22.2845,177.721,6.6799,58.8275,133.2085,50.1455,15.0,133.8024,0.8953,2.2635,0.753,6.6799,0.753,2.7413,0.753,12.4146,0.753,72.6996,8688.9962,7.6847,209.199,7.8141,26.0025,6.7455,130.7308,360.2915,16473.3439,3.5539,0.753,85.6203,1308.515,42007.8893,130.4825,0.753,159.4056,0.709,145.6692,129.2575,87.3758,3995.1115,1.5613,440.4518,1396.5885,0.3074,0.8333,510.0941,21791.0114,89500.0,298.4259,200.1829,18.058,5.5171,9.2898,17.429,4513.138,55.0187,2102.632,3585.9992,8.0485,39.8431,45.8917,15.4608,1744.8255,19.4783,4.2931,63.9013,18.058,1599.5577,36.7954,10.3974,136.9923,1.7001,0.3845,1.0,3.6873,4.1177,55.8253,281.795,3.8096,8038.7633,3.64,4.5587,104.7146,80.56,1453.0312,3.75,8.5507,14.2269,508.9303,9.7755,1.2992,0.753,22.7481,22748.0773,571.2941,36.4873,4580.7526,21.9345,12911.2782,18.058,33.3644,10.4033,3.4999,3.0236,2.3758,38.842,6.7796,1.5613,30.1064,2678.8556,41.5014,3658.8141,41.7113,12937.9974,94.763,25929.1379,119.6379,2.767,587.2691,2.7,1.79,0.7407,587.2691,106.8363,244.3691,18.0581,26.8166,26.8695
2025-05-19 00:00:01,1747612801,1,3.6725,70.0671,87.8082,386.5407,1.79,918.1161,1146.17,1.5602,1.79,1.6998,1.7494,2.0,121.4896,1.7493,0.376,2976.5407,1.0,1.2987,6.9189,5.6849,1.0,85.6364,13.5348,3.028,2.0,1.3955,2894.6169,0.8365,941.9221,7.2081,4205.4166,506.5923,24.0,98.6255,22.2661,177.721,6.6706,58.8538,133.3336,50.1151,15.0,134.457,0.8945,2.263,0.7524,6.6706,0.7524,2.7406,0.7524,12.3292,0.7524,72.6982,8755.0663,7.6794,209.1916,7.8146,25.9929,6.7392,130.7977,359.9885,16479.2904,3.5504,0.7524,85.638,1307.8202,42011.8243,130.6197,0.7524,159.0675,0.709,145.3019,129.2326,87.4501,3991.6984,1.5603,440.0359,1397.2867,0.3073,0.8333,508.9938,21783.0458,89500.0,298.7424,199.9897,18.0589,5.5172,9.2921,17.372,4518.5627,55.0094,2101.97,3585.9748,8.0489,39.8134,46.034,15.4537,1738.1682,19.4616,4.2957,63.6694,18.0589,1599.3213,36.7885,10.3853,137.0182,1.6991,0.3845,1.0,3.687,4.1402,55.831,281.5931,3.8166,8037.3193,3.64,4.5571,104.8485,80.9262,1452.1506,3.75,8.5122,14.2238,458.8813,9.7507,1.2988,0.7524,22.7481,22748.0773,571.2092,36.887,4569.7505,21.9138,12901.1939,18.0589,33.2626,10.399,3.4998,3.0156,2.3762,38.8759,6.7788,1.5603,30.1097,2689.5149,41.5232,3658.5155,41.6631,12936.5432,94.763,25917.6553,120.6577,2.7731,586.7146,2.7,1.79,0.7407,586.7146,106.7354,244.3213,18.0564,26.8696,26.8695
2025-05-20 00:00:01,1747699201,1,3.6725,70.3149,87.6278,386.2972,1.79,919.3335,1134.25,1.5505,1.79,1.7004,1.7408,2.0,121.5932,1.7403,0.376,2959.8554,1.0,1.2951,6.932,5.6654,1.0,85.4691,13.5398,3.0151,2.0,1.3952,2863.7141,0.8346,945.2107,7.2142,4207.8201,507.2018,24.0,98.1413,22.1309,177.721,6.6403,58.9894,133.1856,50.0555,15.0,133.7092,0.8901,2.2706,0.7488,6.6398,0.7487,2.7398,0.7488,12.308,0.7488,72.7025,8710.9367,7.6903,209.2619,7.8212,26.0586,6.7061,130.8225,357.7117,16451.8513,3.5364,0.7488,85.4614,1312.6809,42001.8983,129.6659,0.7488,159.6411,0.709,144.9526,129.1348,87.3888,3990.1507,1.5506,437.8755,1389.8247,0.3074,0.8333,510.9906,21814.5709,89500.0,299.4956,200.2856,18.0748,5.5171,9.2538,17.4077,4518.3314,55.0005,2104.7338,3566.4762,8.0555,39.8099,46.0228,15.4812,1744.1119,19.356,4.2922,63.8364,18.0748,1597.423,36.8521,10.3071,136.7505,1.6881,0.3845,1.0,3.6933,4.1582,55.7593,282.4917,3.7859,8051.6898,3.64,4.4765,104.2736,80.6114,1425.0945,3.75,8.5252,14.6578,454.2145,9.686,1.295,0.7488,22.7481,22748.0773,572.0386,36.8949,4617.9397,21.8062,12916.8592,18.0748,33.1,10.3947,3.5,3.0107,2.3756,38.8519,6.8054,1.5506,30.0669,2679.4402,41.5763,3656.8546,41.7838,12915.6268,94.8024,25952.6387,120.7955,2.7895,583.834,2.7,1.79,0.7386,583.834,106.2114,244.5874,18.0749,26.9422,26.8719
2025-05-21 00:00:02,1747785602,1,3.6725,70.1256,87.1217,385.5526,1.79,919.1684,1142.0,1.5582,1.79,1.7,1.7359,2.0,121.7104,1.7363,0.376,2967.5341,1.0,1.2954,6.9327,5.6494,1.0,85.5786,13.5439,3.0118,2.0,1.3925,2872.1273,0.8306,938.0118,7.2202,4157.6502,505.8063,24.0,97.8645,22.1153,177.721,6.6177,58.9121,132.8704,49.895,15.0,133.8896,0.8875,2.2577,0.7475,6.6179,0.7474,2.7396,0.7475,12.1339,0.7475,72.7187,8709.7599,7.6757,209.2698,7.8286,26.0184,6.6872,130.7782,357.1561,16419.936,3.5332,0.7475,85.5757,1311.9342,42000.393,129.6375,0.7475,159.2164,0.709,144.5003,129.1243,87.4374,3987.2207,1.5585,436.6408,1393.2226,0.307,0.8333,511.8243,21803.7062,89500.0,300.0429,199.9268,17.942,5.4933,9.2518,17.4379,4517.1467,54.7166,2099.9508,3573.6538,8.0633,39.8188,45.865,15.4501,1743.7752,19.273,4.295,63.8355,17.942,1596.7826,36.8033,10.2781,136.9258,1.689,0.3845,1.0,3.6917,4.121,55.713,282.4937,3.7663,8041.0277,3.64,4.5101,104.1889,80.6389,1455.8462,3.75,8.5527,14.2155,449.0953,9.658,1.2954,0.7475,22.7481,22748.0773,571.691,36.5624,4621.0048,21.7447,12884.5906,17.942,32.9962,10.3653,3.5,3.0055,2.3548,38.8506,6.7886,1.5585,30.0867,2676.6626,41.5114,3654.6497,41.8682,12884.0306,94.8556,25953.8393,120.7201,2.7573,582.1877,2.7,1.79,0.739,582.1877,105.9119,243.9027,17.9416,27.0654,26.8786
2025-05-22 00:00:02,1747872002,1,3.6725,69.9467,86.6851,384.9543,1.79,922.3848,1145.0,1.5527,1.79,1.7002,1.7271,2.0,121.8053,1.7272,0.376,2978.8802,1.0,1.2895,6.9311,5.6673,1.0,85.6382,13.5002,3.04,2.0,1.3863,2891.6291,0.8255,944.0411,7.2025,4183.8695,507.3934,24.0,97.3719,21.9754,177.721,6.5896,59.0153,132.7721,49.8603,15.0,134.0882,0.883,2.2651,0.7452,6.5893,0.7452,2.7391,0.7452,12.0129,0.7452,72.7986,8698.9771,7.6852,210.1851,7.8307,26.0517,6.6535,131.0123,355.3755,16396.1701,3.5548,0.7452,85.6383,1312.3946,42071.415,127.7552,0.7452,159.0887,0.709,143.76,129.1819,87.4454,4003.0585,1.5529,434.4427,1377.4951,0.307,0.8333,509.8738,21714.2543,89500.0,299.7289,200.3254,17.9506,5.4904,9.2229,17.3735,4506.5861,54.5741,2102.7831,3563.104,8.0658,39.8934,45.4104,15.4802,1741.1913,19.3546,4.2709,63.9338,17.9506,1586.1595,36.8446,10.1683,137.0211,1.6845,0.3845,1.0,3.6812,4.1532,55.6633,281.9998,3.7467,8014.8853,3.64,4.476,103.4014,79.949,1442.8402,3.75,8.5546,14.396,545.0939,9.5762,1.2895,0.7452,22.8207,22820.7227,572.2545,36.6939,4556.9032,21.6353,12956.9529,17.9506,32.7274,10.3381,3.5059,2.9915,2.3731,38.8719,6.8016,1.5529,29.9495,2688.722,41.4396,3656.2688,41.7192,12914.0722,94.9652,25986.3001,121.1913,2.7027,579.257,2.7,1.79,0.7365,579.257,105.3787,244.2366,17.9508,27.2099,26.8853
2025-05-23 00:00:01,1747958401,1,3.6725,69.9825,86.6943,384.9775,1.79,920.1178,1143.58,1.5586,1.79,1.6998,1.7323,2.0,121.8454,1.732,0.376,2978.4882,1.0,1.2918,6.9272,5.6447,1.0,85.9936,13.4894,3.0207,2.0,1.3862,2881.1557,0.8277,943.5083,7.2034,4184.582,508.0564,24.0,97.6657,22.0605,177.721,6.6081,59.0185,132.5938,49.8922,15.0,133.8965,0.8858,2.267,0.7451,6.6082,0.7451,2.7368,0.7451,11.8165,0.7451,72.7785,8701.9553,7.6791,209.6728,7.8271,26.038,6.6736,130.9258,357.0784,16345.0794,3.5913,0.7451,85.9969,1311.7517,42038.565,128.0771,0.7451,158.9696,0.709,143.7494,129.1511,87.4454,3996.1803,1.5588,435.7535,1381.1773,0.3069,0.8333,507.6908,21723.0381,89500.0,299.264,200.1512,18.006,5.4758,9.2334,17.3503,4517.3518,54.4272,2100.5649,3552.4844,8.0617,39.8508,45.5406,15.4655,1741.9798,19.3412,4.2711,63.8915,18.006,1585.985,36.8189,10.2,137.5898,1.6945,0.3845,1.0,3.6838,4.1165,55.7411,281.7426,3.7615,8023.2753,3.64,4.4772,103.693,79.6966,1450.5873,3.75,8.5524,14.728,512.3306,9.6299,1.2918,0.7451,22.8207,22820.7227,571.8498,36.743,4581.2998,21.7005,12921.1053,18.006,32.8182,10.3506,3.5037,2.9935,2.3636,38.9973,6.7986,1.5588,29.9691,2706.0242,41.4952,3653.8119,41.6593,12913.4056,95.0189,25991.7635,120.9573,2.7572,581.0047,2.7,1.79,0.7379,581.0047,105.6966,243.989,18.0045,27.2454,26.8912
2025-05-24 00:00:01,1748044801,1,3.6725,69.9944,86.6837,384.5731,1.79,920.0543,1137.0,1.5448,1.79,1.7003,1.7235,2.0,121.7913,1.7243,0.376,2977.3986,1.0,1.286,6.9324,5.7062,1.0,85.4126,13.4751,3.0151,2.0,1.3767,2876.0763,0.8223,943.1126,7.1813,4188.2675,508.2311,24.0,97.1671,21.9428,177.721,6.5745,59.0405,132.6132,49.8988,15.0,133.9082,0.8812,2.2639,0.7404,6.5745,0.7404,2.737,0.7404,11.1197,0.7404,72.767,8687.6277,7.6816,209.6648,7.832,26.0452,6.6395,130.8496,355.5354,16229.8577,3.6058,0.7404,85.4133,1311.7312,42026.4475,127.7858,0.7404,158.9654,0.709,142.6745,129.1818,87.5175,3995.9609,1.5447,433.5288,1368.3701,0.3067,0.8333,508.5734,21768.858,89500.0,299.3575,200.2341,17.8798,5.4755,9.2065,17.3651,4523.0641,54.4735,2101.4497,3592.0088,8.0669,39.8498,45.529,15.4706,1745.3569,19.2772,4.238,63.8501,17.8798,1580.7075,36.8316,10.1121,136.6601,1.674,0.3845,1.0,3.6845,4.121,55.3832,281.7287,3.7535,8032.5593,3.64,4.4607,103.3458,79.5992,1452.7625,3.75,8.5476,14.817,511.2854,9.5367,1.286,0.7404,22.8207,22820.7227,571.8368,36.7431,4601.1744,21.5897,12902.9538,17.8798,32.5172,10.6355,3.5019,2.9832,2.3677,38.9796,6.8031,1.5447,29.8505,2698.8122,41.4884,3650.961,41.6609,12896.5732,95.084,25974.2263,121.0898,2.7572,578.0385,2.7,1.79,0.7361,578.0385,105.157,244.0809,17.8533,27.3784,26.8962
2025-05-25 00:00:01,1748131201,1,3.6725,69.9924,86.6816,384.5657,1.79,918.4204,1137.0,1.5466,1.79,1.7002,1.7241,2.0,121.8011,1.7243,0.376,2976.2604,1.0,1.2865,6.9321,5.7098,1.0,85.4209,13.4744,3.0159,2.0,1.3773,2872.1665,0.8226,943.1103,7.1823,4188.2872,508.2262,24.0,97.2007,21.9405,177.721,6.5763,59.0388,132.6076,49.8986,15.0,133.554,0.8815,2.2639,0.7408,6.5764,0.7408,2.7369,0.7408,11.1669,0.7408,72.7676,8690.4011,7.6813,209.6527,7.832,26.0444,6.6418,130.7329,355.6845,16229.9034,3.6053,0.7408,85.4216,1311.7001,42028.3244,127.7756,0.7408,158.964,0.709,142.7285,129.1507,87.5151,3995.6278,1.5465,433.6788,1369.9988,0.3067,0.8333,508.7353,21768.6951,89500.0,299.3478,200.2246,17.8796,5.4752,9.2081,17.3638,4522.3333,54.5318,2101.3696,3589.9293,8.067,39.8483,45.5015,15.47,1744.7526,19.2793,4.2401,63.8565,17.8796,1580.6181,36.8301,10.1132,136.6735,1.6762,0.3845,1.0,3.6843,4.1202,55.3826,281.7535,3.7534,8032.7313,3.64,4.4609,103.3577,79.6144,1451.4812,3.75,8.5476,14.8054,509.6987,9.5399,1.2865,0.7408,22.8207,22820.7227,571.8172,36.7433,4598.7827,21.5972,12901.5144,17.8796,32.5091,10.6176,3.5021,2.9831,2.367,38.9751,6.8027,1.5465,29.8864,2697.5949,41.4884,3651.171,41.6594,12897.8641,95.084,25974.3866,121.0722,2.7572,578.2385,2.7,1.79,0.7361,578.2385,105.1934,244.0723,17.8617,27.3682,26.8962
2025-05-26 00:00:02,1748217602,1,3.6725,70.0533,86.7666,384.4439,1.79,917.7592,1137.0,1.5401,1.79,1.7052,1.7209,2.0,121.6329,1.721,0.376,2975.2188,1.0,1.2854,6.9352,5.6952,1.0,85.2472,13.4565,3.0229,2.0,1.3739,2885.5626,0.8222,942.8512,7.1774,4165.1287,508.6497,24.0,97.0177,21.8686,177.721,6.5617,59.1459,132.5729,49.8919,15.0,135.1686,0.8799,2.2596,0.7395,6.5616,0.7395,2.7362,0.7395,10.708,0.7395,72.7555,8737.0163,7.6881,209.6345,7.8319,26.0716,6.6293,130.7295,355.1612,16238.8673,3.6087,0.7395,85.2409,1309.7102,42044.2468,127.7344,0.7395,159.0668,0.709,142.7303,129.2172,87.4832,3981.9068,1.5405,432.8623,1366.2558,0.307,0.8333,512.1732,21762.4641,89500.0,299.2133,200.3404,17.8138,5.4657,9.2114,17.4156,4513.1293,54.5248,2102.7253,3594.0885,8.0668,39.7839,45.7014,15.487,1734.4454,19.2371,4.2312,63.673,17.8138,1583.5914,36.8627,10.1078,136.3956,1.67,0.3845,1.0,3.6754,4.1081,55.3841,283.1551,3.7371,8034.9862,3.64,4.4587,103.3768,79.5386,1449.568,3.75,8.5659,14.9027,458.9106,9.5174,1.2854,0.7395,22.8207,22820.7227,571.7405,37.0548,4586.8764,21.5566,12906.1243,17.8138,32.5416,10.5874,3.5032,2.9879,2.3779,39.0237,6.8204,1.5405,29.794,2684.9779,41.5101,3648.6988,41.6751,12902.6227,95.084,25971.5756,120.9228,2.684,577.1498,2.7,1.79,0.7361,577.1498,104.9954,244.2595,17.8186,27.5772,26.8962
2025-05-27 00:00:01,1748304001,1,3.6725,69.8024,86.5259,384.5338,1.79,918.7501,1139.83,1.5406,1.79,1.7001,1.7173,2.0,121.8989,1.7174,0.376,2973.7982,1.0,1.2839,6.9024,5.6552,1.0,85.1213,13.4368,3.026,2.0,1.3728,2871.7009,0.8208,939.9915,7.1825,4146.1767,507.6456,24.0,96.8189,21.8397,177.721,6.5498,58.8759,132.2266,49.8177,15.0,133.684,0.8781,2.2443,0.7372,6.5498,0.7372,2.7361,0.7372,10.6485,0.7372,72.7567,8700.9091,7.6715,209.5139,7.8373,26.0183,6.6157,130.769,354.2015,16232.402,3.5592,0.7372,85.1214,1308.9791,42051.3492,127.0671,0.7372,158.9435,0.709,142.6976,129.1607,87.4837,3979.0076,1.5405,431.9754,1368.8707,0.3064,0.8333,511.1661,21712.3284,89500.0,299.4036,199.9242,17.8473,5.4648,9.2,17.2974,4526.302,54.5179,2098.6831,3598.3342,8.0725,39.7803,45.2351,15.4614,1741.9519,19.2295,4.2181,63.8416,17.8473,1580.9758,36.7802,10.0959,136.194,1.6665,0.3845,1.0,3.6553,4.0977,55.4403,281.8561,3.7262,8009.7928,3.64,4.4474,103.0531,79.7728,1437.2126,3.75,8.5627,14.4843,454.2027,9.5125,1.2839,0.7372,22.8207,22820.7227,571.4353,37.0647,4618.3511,21.5124,12879.1885,17.8473,32.5836,10.5295,3.5042,2.9817,2.3908,39.0031,6.79,1.5405,29.7586,2679.8938,41.5461,3647.6646,41.5071,12907.0049,95.2387,25902.4442,120.0941,2.748,575.9672,2.7,1.79,0.7309,575.9672,104.7802,243.8527,17.8472,27.6734,26.8962
2025-05-28 00:00:02,1748390402,1,3.6725,69.8427,86.2504,384.262,1.79,918.7763,1148.0,1.5514,1.79,1.6997,1.7245,2.0,122.0289,1.7242,0.376,2973.4576,1.0,1.2882,6.9147,5.6622,1.0,85.3369,13.4532,3.0093,2.0,1.379,2871.1403,0.8267,940.3014,7.1923,4142.333,508.1958,24.0,97.2218,21.9555,177.721,6.5781,58.864,131.9452,49.8038,15.0,133.617,0.8817,2.2525,0.7394,6.5767,0.7394,2.7358,0.7394,10.3711,0.7394,72.7543,8701.0633,7.6656,209.4861,7.8388,26.0188,6.6432,130.7037,356.0188,16270.7413,3.537,0.7394,85.3663,1308.8295,41999.2736,126.9579,0.7394,159.1229,0.709,144.0432,129.1312,87.4773,4029.3934,1.5515,433.7729,1373.8479,0.3066,0.8333,511.7604,21710.3686,89500.0,299.3445,199.8534,17.9283,5.4638,9.2125,17.2513,4522.758,54.1899,2097.5274,3535.536,8.0741,39.7751,45.3961,15.4517,1741.9962,19.2563,4.2377,63.8385,17.9283,1583.2911,36.7652,10.1473,136.5391,1.6805,0.3845,1.0,3.6491,4.1291,55.5512,282.7547,3.7454,8012.8743,3.64,4.4573,103.3444,80.1034,1437.3578,3.75,8.5638,14.2785,449.3233,9.6119,1.2882,0.7394,22.8207,22820.7227,571.385,36.6515,4621.1349,21.6019,12869.3087,17.9283,32.7481,10.3889,3.5001,2.9839,2.3739,39.0648,6.7892,1.5515,29.8638,2683.1897,41.6662,3647.4496,41.5674,12887.0681,95.8052,25923.0092,119.9665,2.759,578.3639,2.7,1.79,0.7331,578.3639,105.2162,243.7292,17.9328,27.3391,26.9014
2025-05-29 00:00:02,1748476802,1,3.6725,69.1905,86.7287,384.3266,1.79,917.9661,1161.0,1.5557,1.79,1.6996,1.7326,2.0,122.1238,1.7322,0.376,2976.4004,1.0,1.2894,6.9199,5.6509,1.0,85.4209,13.4655,3.0505,2.0,1.383,2883.9372,0.8289,937.8934,7.1918,4106.6977,508.4223,24.0,97.6819,22.0598,177.721,6.609,59.0054,132.0838,49.7844,15.0,135.1047,0.8864,2.2626,0.7426,6.6027,0.7428,2.7345,0.7426,10.3804,0.7426,72.7505,8684.0329,7.6784,209.4711,7.8378,26.0418,6.6747,130.6324,356.8455,16295.9567,3.5174,0.7426,85.4333,1309.9088,42049.9059,127.3469,0.7426,159.3237,0.709,144.9715,129.2366,87.5027,3995.3713,1.5561,435.8259,1373.4549,0.307,0.8333,511.6631,21645.9324,89500.0,299.5827,200.1731,17.9292,5.4589,9.2643,17.2681,4528.8643,54.3171,2099.7188,3604.6392,8.0733,39.768,45.6209,15.4591,1739.0566,19.3481,4.2269,63.8279,17.9292,1586.4212,36.8031,10.18,136.6734,1.6774,0.3845,1.0,3.6415,4.1566,55.5243,282.627,3.7516,8012.3636,3.64,4.4643,103.5289,79.8204,1445.7655,3.75,8.5616,14.6516,543.8527,9.6493,1.2895,0.7426,22.7306,22730.5833,571.2725,36.6292,4592.3002,21.7041,12944.9957,17.9292,32.695,10.1224,3.4997,2.9888,2.3693,39.0976,6.7895,1.5561,29.8127,2688.5283,41.6188,3638.4606,41.5521,12877.0081,96.5303,25959.2873,120.8552,2.7738,581.1012,2.7,1.79,0.738,581.1012,105.7142,243.8137,17.9217,26.7535,26.9023
2025-05-30 00:00:01,1748563201,1,3.6725,69.1991,87.1028,384.5084,1.79,918.5716,1174.5,1.5521,1.79,1.7001,1.7223,2.0,122.1976,1.7235,0.376,2978.3958,1.0,1.2873,6.9182,5.6778,1.0,85.4614,13.4492,3.0375,2.0,1.3809,2881.252,0.8238,940.9006,7.1871,4128.8105,508.5103,24.0,97.0994,21.9957,177.721,6.5657,58.9877,132.189,49.7515,15.0,134.1371,0.8808,2.2622,0.7415,6.5665,0.7414,2.7337,0.7415,10.4327,0.7415,72.7514,8697.0577,7.6751,209.3408,7.84,26.0323,6.6349,130.6802,356.3555,16286.843,3.5043,0.7415,85.4563,1310.8595,42032.0424,127.7563,0.7415,159.4425,0.709,144.2424,129.1609,87.4892,3993.3666,1.5521,433.2268,1371.7256,0.3069,0.8333,508.2725,21685.8699,89500.0,299.1255,199.9928,17.8021,5.4659,9.2318,17.2277,4525.7603,54.4264,2099.4369,3600.2117,8.0752,39.7697,45.773,15.4503,1741.3463,19.3316,4.2431,63.8312,17.8021,1587.2624,36.7787,10.1313,136.7383,1.6733,0.3845,1.0,3.6389,4.1547,55.6913,282.4657,3.7386,8020.0048,3.64,4.4814,103.4199,78.1173,1446.1642,3.75,8.562,14.6021,511.2953,9.5627,1.2874,0.7415,22.7306,22730.5833,571.5279,36.6353,4641.1841,21.5747,12916.8859,17.8021,32.6082,10.1674,3.4998,2.9772,2.3615,39.173,6.782,1.5521,29.7445,2683.722,41.5365,3642.5782,41.5369,12825.7734,96.8577,26010.1251,120.7092,2.7645,577.6357,2.7,1.79,0.74,577.6357,105.0838,243.5317,17.8018,26.5687,26.9037
2025-05-31 00:00:01,1748649601,1,3.6725,69.2848,87.068,384.2525,1.79,917.8175,1195.33,1.5544,1.79,1.7003,1.7239,2.0,122.2147,1.724,0.376,2978.4325,1.0,1.2903,6.9236,5.6718,1.0,85.5674,13.4861,3.0114,2.0,1.3762,2869.5673,0.823,937.1544,7.201,4131.1202,508.6099,24.0,97.1906,21.9725,177.721,6.5738,59.0028,132.1779,49.7474,15.0,132.3038,0.8814,2.2653,0.7427,6.5738,0.7427,2.733,0.7427,10.5984,0.7427,72.7554,8685.4876,7.6767,209.3396,7.841,26.0384,6.6411,130.7849,355.7795,16346.2188,3.5116,0.7427,85.5675,1310.8781,42017.0735,127.2699,0.7427,159.3691,0.709,144.0476,129.1157,87.4887,3993.26,1.5544,433.6338,1379.8551,0.3069,0.8333,509.671,21723.5882,89500.0,299.3281,200.0582,17.9667,5.4659,9.2332,17.2203,4531.5174,54.6014,2100.2016,3548.5006,8.0761,39.7697,45.5739,15.4536,1744.9711,19.3925,4.2504,63.8134,17.9667,1586.7488,36.7888,10.2071,136.9079,1.6761,0.3845,1.0,3.6396,4.1589,55.8038,282.2908,3.7464,8030.2017,3.64,4.465,103.3595,77.9643,1453.8739,3.75,8.5559,14.7479,510.214,9.593,1.2903,0.7427,22.7306,22730.5833,571.5307,36.6355,4639.6759,21.595,12899.1626,17.9667,32.8152,10.1646,3.4999,2.9926,2.3648,39.2583,6.7831,1.5544,29.816,2679.1705,41.5287,3640.6595,41.5435,12825.2009,97.3126,26025.9421,120.7824,2.7648,578.1784,2.7,1.79,0.7354,578.1784,105.1825,243.5415,17.9347,26.6098,6.9102
2025-06-01 00:00:01,1748736001,1,3.6725,69.2885,87.0757,384.2519,1.79,917.6482,1195.33,1.5538,1.79,1.7003,1.724,2.0,122.2083,1.7241,0.376,2978.4881,1.0,1.2903,6.9235,5.6727,1.0,85.5604,13.485,3.013,2.0,1.3765,2870.2603,0.8228,937.1223,7.2007,4131.3527,508.6146,24.0,97.1977,21.9773,177.721,6.5757,59.0026,132.1806,49.7442,15.0,132.5268,0.8815,2.2652,0.7425,6.5757,0.7425,2.733,0.7425,10.5794,0.7425,72.7548,8688.0585,7.6767,209.3378,7.8414,26.0384,6.6416,130.8452,355.9303,16336.8944,3.5125,0.7425,85.5605,1310.9062,42018.9439,127.2735,0.7425,159.3651,0.709,144.0692,129.1165,87.4881,3993.0984,1.5547,433.6654,1379.576,0.3069,0.8333,509.8613,21725.6182,89500.0,299.3125,200.0528,17.9673,5.4659,9.2337,17.2199,4531.4858,54.3921,2100.2076,3550.9282,8.0765,39.7698,45.5477,15.4535,1744.352,19.3925,4.25,63.8169,17.9673,1584.7466,36.7884,10.2061,136.8966,1.6762,0.3845,1.0,3.6396,4.1588,55.7877,282.3944,3.7466,8030.6054,3.64,4.4655,103.3749,78.1132,1452.2372,3.75,8.5562,14.7386,508.576,9.5954,1.2903,0.7425,22.7306,22730.5833,571.535,36.6358,4635.9309,21.5965,12897.9656,17.9673,32.8042,10.1603,3.4999,2.9931,2.3641,39.262,6.7831,1.5547,29.8275,2679.5294,41.5282,3641.1858,41.5435,12824.3338,97.3126,26021.1175,120.7734,2.7646,578.2205,2.7,1.79,0.7354,578.2205,105.1901,243.539,17.9315,26.6076,6.9102
2025-06-02 00:00:01,1748822401,1,3.6725,69.5183,86.6555,384.5369,1.79,917.7777,1195.33,1.5523,1.79,1.7,1.7225,2.0,122.1812,1.7226,0.376,2976.5998,1.0,1.2895,6.917,5.6844,1.0,85.603,13.4383,3.0212,2.0,1.3733,2886.0251,0.8224,941.0641,7.2001,4132.3244,507.6366,24.0,97.1126,21.9551,177.721,6.569,58.9718,132.1007,49.7221,15.0,135.0087,0.8808,2.2609,0.7425,6.5691,0.7425,2.7315,0.7425,10.3268,0.7425,72.7568,8739.3445,7.672,209.1628,7.8414,26.0331,6.6358,130.891,355.7671,16343.3456,3.513,0.7425,85.6031,1310.187,42028.1961,127.2909,0.7425,159.3614,0.709,143.8627,129.1045,87.4787,4031.8014,1.5525,433.2861,1380.457,0.3066,0.8333,510.4668,21707.7736,89500.0,299.1411,199.6233,17.9714,5.477,9.2295,17.284,4531.7291,54.387,2098.1257,3550.4774,8.0766,39.7618,45.6677,15.4492,1734.9976,19.4192,4.2562,63.879,17.9714,1587.2643,36.7706,10.2034,136.9648,1.6738,0.3845,1.0,3.6188,4.1127,55.8281,281.7818,3.7514,8019.5723,3.64,4.4626,103.303,77.7356,1450.8715,3.75,8.5811,14.5587,458.4523,9.5804,1.2895,0.7425,22.7306,22730.5833,571.9611,36.7844,4617.2868,21.5777,12878.4393,17.9714,32.8024,10.1387,3.4999,2.9798,2.3531,39.256,6.7801,1.5525,29.7861,2685.9957,41.4955,3647.3851,41.5601,12816.1698,97.3126,26001.6177,120.2062,2.7607,577.7148,2.7,1.79,0.7354,577.7148,105.0981,243.5152,17.9723,26.6283,6.9102
2025-06-03 00:00:02,1748908802,1,3.6725,69.4359,86.4131,384.5714,1.79,917.6288,1181.17,1.541,1.79,1.7003,1.7109,2.0,122.2067,1.7111,0.376,2975.7121,1.0,1.2859,6.9169,5.7008,1.0,85.4482,13.4288,2.9986,2.0,1.3705,2882.3641,0.8172,944.4287,7.1997,4137.4844,507.424,24.0,96.4561,21.7865,177.721,6.5251,58.8989,131.9408,49.696,15.0,133.1027,0.8747,2.2538,0.7386,6.5255,0.7385,2.732,0.7386,10.5032,0.7386,72.7563,8704.6602,7.6774,209.2252,7.8449,26.0415,6.5909,130.9084,352.4922,16291.6739,3.5228,0.7386,85.4483,1309.8064,42001.0811,126.4124,0.7386,159.4426,0.709,142.7109,129.1995,87.4738,3981.5078,1.5412,430.3566,1376.0516,0.3065,0.8333,511.0576,21724.2824,89500.0,299.4947,199.516,17.8729,5.4774,9.1994,17.286,4533.0065,54.382,2099.5942,3539.0478,8.0804,39.7591,45.5794,15.4592,1742.4073,19.2583,4.2565,63.8364,17.8729,1579.8228,36.7832,10.0748,136.7171,1.6568,0.3845,1.0,3.6163,4.1032,55.6749,281.8059,3.7218,8021.7071,3.64,4.4232,102.7044,78.6381,1456.3117,3.75,8.5641,14.7767,453.8078,9.5222,1.2858,0.7386,22.7306,22730.5833,571.8041,36.7908,4666.5566,21.4318,12883.4498,17.8729,32.5347,10.1326,3.5,2.9562,2.3516,39.1884,6.7843,1.5412,29.8853,2679.2407,41.6333,3644.4251,41.5276,12814.1391,97.3126,26041.2762,120.3411,2.7573,573.8088,2.7,1.79,0.7291,573.8088,104.3876,243.6358,17.8637,26.6811,6.9213
2025-06-04 00:00:01,1748995201,1,3.6725,69.5266,86.1953,384.4009,1.79,919.9958,1184.0,1.547,1.79,1.7003,1.7177,2.0,122.2234,1.7177,0.376,2973.8093,1.0,1.2892,6.9273,5.6702,1.0,85.7048,13.4351,3.0008,2.0,1.3724,2885.261,0.8228,939.7268,7.1907,4147.8175,508.9684,24.0,96.8376,21.863,177.721,6.5537,59.0418,131.7795,49.675,15.0,134.6626,0.8782,2.2569,0.7395,6.554,0.7394,2.7316,0.7395,10.3656,0.7395,72.7444,8703.8091,7.6857,209.2244,7.8458,26.0676,6.617,130.8609,354.5163,16327.813,3.5204,0.7395,85.7017,1308.9795,42000.9868,126.9358,0.7395,159.477,0.709,143.6543,129.1446,87.4652,4029.8582,1.5471,432.0589,1376.479,0.3068,0.8333,512.7261,21724.582,89500.0,299.2369,199.614,17.8726,5.4519,9.2032,17.2565,4523.4835,54.0325,2100.7629,3542.1212,8.0811,39.7383,45.4905,15.4751,1742.0493,19.244,4.2455,63.8361,17.8726,1578.9171,36.8161,10.1401,137.1277,1.6662,0.3845,1.0,3.6235,4.1062,55.715,282.8006,3.7542,8031.541,3.64,4.4373,102.9279,78.9175,1447.7052,3.75,8.5632,14.7476,449.3574,9.6168,1.2892,0.7395,22.7306,22730.5833,571.453,36.799,4670.9254,21.5165,12889.6735,17.8726,32.5997,10.1012,3.5,2.9571,2.3529,39.1525,6.7933,1.5471,29.9212,2677.2015,41.6877,3643.6062,41.6566,12857.1159,97.4194,26047.7866,119.9329,2.7478,576.0785,2.7,1.79,0.7324,576.0785,104.8005,243.8768,17.869,26.8029,6.9239
2025-06-05 00:00:01,1749081601,1,3.6725,69.5631,86.2591,383.9692,1.79,917.8496,1184.33,1.5407,1.79,1.7001,1.714,2.0,122.1639,1.7144,0.376,2976.1738,1.0,1.287,6.9274,5.6359,1.0,85.9003,13.4095,3.2725,2.0,1.3683,2890.8808,0.8196,940.506,7.1827,4103.0444,508.4455,24.0,96.6286,21.7602,177.721,6.5354,59.0404,131.6701,49.6526,15.0,134.6943,0.8763,2.2536,0.7381,6.5356,0.738,2.7311,0.7381,10.327,0.7381,72.6916,8692.5841,7.683,209.1933,7.846,26.0485,6.6027,130.8509,353.6917,16298.4451,3.4905,0.7381,85.9019,1309.7556,42115.4039,126.9675,0.7381,159.5567,0.709,143.0789,129.21,87.5265,4017.6439,1.5407,431.1264,1365.0462,0.3064,0.8333,510.0498,21654.6809,89500.0,299.333,199.6407,17.8245,5.451,9.1789,17.2552,4545.3881,53.9144,2099.191,3584.711,8.0814,39.7448,45.6511,15.4563,1738.6903,19.1998,4.247,63.8561,17.8245,1579.2291,36.7896,10.1055,137.4405,1.6598,0.3845,1.0,3.6228,4.1635,55.7627,282.6611,3.7515,8007.9742,3.64,4.4372,102.9636,78.9881,1440.6119,3.75,8.5532,14.6134,544.0229,9.5846,1.287,0.7381,22.7101,22710.1387,571.5449,36.7933,4576.8786,21.4701,12934.1149,17.8245,32.6383,9.9838,3.4996,2.9521,2.3584,39.2284,6.7776,1.5407,29.8852,2674.1295,41.4982,3642.2226,41.6985,12850.1835,97.9031,26080.8553,120.2356,2.7522,574.8352,2.7,1.79,0.7361,574.8352,104.5743,243.4746,17.8237,26.3817,6.9312
2025-06-06 00:00:00,1749168000,1,3.6725,69.506,86.0502,383.9199,1.79,918.3152,1189.67,1.5361,1.79,1.7002,1.7093,2.0,122.1734,1.7096,0.376,2976.1748,1.0,1.2859,6.9199,5.6328,1.0,85.866,13.3795,3.2721,2.0,1.3665,2883.264,0.8197,937.8729,7.1785,4102.9598,508.3174,24.0,96.3658,21.6865,177.721,6.5173,58.9987,131.5729,49.6666,15.0,134.3629,0.8739,2.2479,0.7366,6.5173,0.7366,2.7313,0.7366,10.6516,0.7366,72.7197,8685.5625,7.6797,209.1932,7.8467,26.0468,6.5848,130.8666,352.4797,16267.9191,3.4908,0.7366,85.8661,1309.7554,42074.0155,126.333,0.7366,159.4923,0.709,143.4502,129.2023,87.5267,4017.6067,1.5361,429.9541,1355.9167,0.3066,0.8333,510.0639,21644.4388,89500.0,299.2077,199.3979,17.7383,5.451,9.16,17.2614,4533.9257,54.0107,2098.5499,3570.3155,8.082,39.7449,45.5146,15.447,1742.481,19.175,4.232,63.8337,17.7383,1567.815,36.7748,10.0713,137.3857,1.6554,0.3845,1.0,3.6231,4.1568,55.6493,282.0655,3.7434,8002.1765,3.64,4.421,102.5344,78.9202,1433.4968,3.75,8.5556,14.549,544.2601,9.5696,1.286,0.7366,22.7101,22710.1387,571.5442,36.7933,4612.7616,21.4117,12948.0283,17.7383,32.5666,10.0243,3.4998,2.9449,2.3542,39.2935,6.7707,1.5361,29.8709,2659.7358,41.4643,3639.7413,41.6425,12808.0819,98.5132,26087.9706,120.043,2.7497,573.2721,2.7,1.79,0.7334,573.2721,104.2899,243.4858,17.7372,26.3359,6.935
2025-06-07 00:00:01,1749254401,1,3.6725,69.5265,86.1457,383.9539,1.79,919.7189,1190.0,1.5398,1.79,1.7001,1.7151,2.0,122.1523,1.7149,0.376,2976.1764,1.0,1.2883,6.9261,5.5981,1.0,85.8169,13.4045,3.2721,2.0,1.3689,2874.4023,0.8221,931.1861,7.1883,4102.2855,508.3806,24.0,96.691,21.7149,177.721,6.5323,59.0226,131.617,49.6524,15.0,133.7341,0.8769,2.2532,0.7388,6.5323,0.7388,2.7313,0.7388,10.7707,0.7388,72.7393,8678.1319,7.6814,209.1931,7.8468,26.0485,6.607,130.9304,353.4633,16303.4412,3.498,0.7388,85.817,1309.7551,42035.3643,126.3898,0.7388,159.6035,0.709,144.634,129.2622,87.5269,4017.5524,1.5398,431.405,1358.8643,0.3065,0.8333,510.2032,21667.1736,89500.0,299.0927,199.5298,17.7711,5.451,9.1636,17.2608,4533.9497,53.9518,2098.9635,3583.0643,8.0822,39.7449,45.4256,15.452,1746.1804,19.1352,4.2295,63.8116,17.7711,1564.7772,36.7826,10.1088,137.3071,1.6614,0.3845,1.0,3.6202,4.1621,55.799,282.0156,3.7558,8009.1911,3.64,4.42,102.7397,79.1059,1436.7711,3.75,8.5574,14.5406,544.6062,9.6358,1.2885,0.7388,22.7101,22710.1387,571.5432,36.7933,4641.9466,21.484,12934.2332,17.7711,32.6308,10.0572,3.4999,2.9445,2.3545,39.2385,6.7729,1.5398,29.8659,2654.158,41.4136,3639.847,41.6634,12841.113,99.0916,26087.7563,120.1549,2.7503,575.2066,2.7,1.79,0.7337,575.2066,104.6419,243.4456,17.7712,25.3188,6.9401
2025-06-08 00:00:01,1749340801,1,3.6725,69.5249,86.1376,383.9532,1.79,917.5121,1190.0,1.5397,1.79,1.7001,1.7151,2.0,122.1519,1.7151,0.376,2976.179,1.0,1.2881,6.9256,5.5962,1.0,85.8055,13.4037,3.2721,2.0,1.3687,2870.3593,0.822,931.1182,7.1882,4102.4007,508.3764,24.0,96.6927,21.7196,177.721,6.5393,59.0208,131.6132,49.6476,15.0,133.609,0.8769,2.2531,0.7387,6.5393,0.7387,2.7313,0.7387,10.7527,0.7387,72.7371,8678.9539,7.6813,209.193,7.8469,26.0483,6.6071,130.9275,353.5305,16299.9748,3.498,0.7387,85.8056,1309.7547,42039.6648,126.3981,0.7387,159.5774,0.709,144.5586,129.2581,87.5272,4017.4657,1.5397,431.4125,1358.3674,0.3065,0.8333,510.2149,21664.576,89500.0,299.0914,199.5203,17.7676,5.451,9.1611,17.2605,4533.9881,53.9554,2098.9323,3582.3389,8.0823,39.7449,45.3953,15.4516,1745.7256,19.1353,4.2293,63.8143,17.7676,1563.8638,36.782,10.1086,137.2888,1.661,0.3845,1.0,3.62,4.1617,55.7848,282.0338,3.7571,8008.4454,3.64,4.4199,102.7306,79.1239,1436.979,3.75,8.5575,14.5406,545.1587,9.6349,1.2883,0.7387,22.7101,22710.1387,571.5416,36.7933,4638.4551,21.4843,12935.9226,17.7676,32.6352,10.0532,3.4998,2.9449,2.3542,39.2389,6.7727,1.5397,29.878,2656.1326,41.4142,3637.9597,41.6618,12841.69,99.0916,26085.0244,120.1384,2.7503,575.2166,2.7,1.79,0.7337,575.2166,104.6437,243.4485,17.7676,25.3612,6.9401
2025-06-09 00:00:01,1749427201,1,3.6725,69.5426,85.8903,383.9518,1.79,917.5227,1190.0,1.5393,1.79,1.7,1.715,2.0,122.2131,1.715,0.376,2976.1836,1.0,1.2873,6.9179,5.5692,1.0,85.8386,13.3925,3.2781,2.0,1.3694,2875.3489,0.8217,931.7244,7.1893,4112.0677,509.7631,24.0,96.689,21.7065,177.721,6.5411,59.2496,131.682,49.6353,15.0,133.7547,0.8769,2.2524,0.7387,6.5409,0.7387,2.7311,0.7387,10.6667,0.7387,72.7268,8683.0354,7.6913,209.1928,7.8471,26.0905,6.6068,130.9211,353.5689,16307.825,3.5017,0.7387,85.8387,1309.7539,42061.0592,126.3979,0.7387,159.6163,0.709,144.6659,129.1486,87.5278,4017.3054,1.5394,431.396,1359.5459,0.3067,0.8333,510.3902,21630.6505,89500.0,299.4003,199.6842,17.7768,5.4511,9.1645,17.2761,4534.0598,53.9279,2101.8418,3585.2368,8.0824,39.745,45.5486,15.4668,1743.5453,19.1163,4.2281,63.8272,17.7768,1561.6944,36.8395,10.1028,137.3418,1.6606,0.3845,1.0,3.6301,4.1189,55.8405,282.714,3.7553,8007.8316,3.64,4.4203,102.7394,78.9313,1435.0493,3.75,8.5719,14.6707,546.1806,9.6271,1.289,0.7387,22.7101,22710.1387,571.5386,36.7932,4621.0745,21.4835,13005.1994,17.7768,32.6897,10.0335,3.4998,2.9495,2.3515,39.247,6.7794,1.5394,29.8391,2660.6614,41.4527,3638.4736,41.6241,12844.5609,99.0916,26052.167,119.8357,2.751,575.1946,2.7,1.79,0.7337,575.1946,104.6397,243.8397,17.7769,25.5652,6.9401
2025-06-10 00:00:02,1749513602,1,3.6725,69.9474,85.7328,383.9484,1.79,917.5992,1186.42,1.5345,1.79,1.7002,1.7126,2.0,122.1943,1.7128,0.376,2976.1952,1.0,1.2862,6.917,5.5646,1.0,85.6954,13.388,3.2753,2.0,1.3689,2861.9775,0.8215,934.0495,7.1853,4122.0934,509.8345,24.0,96.5531,21.701,177.721,6.5315,59.1306,131.5379,49.6388,15.0,133.6649,0.8756,2.2481,0.7379,6.5324,0.7379,2.7311,0.7379,10.9198,0.7379,72.7563,8670.5096,7.6862,209.1922,7.8481,26.0864,6.5976,130.9158,351.8244,16284.6443,3.4893,0.7379,85.6904,1309.752,42004.8299,126.1526,0.7379,159.9432,0.709,144.5267,129.1939,87.5292,4016.9084,1.5346,430.7896,1354.777,0.3067,0.8333,509.1807,21600.7958,89500.0,299.1508,199.5724,17.7207,5.4513,9.1669,17.2556,4534.2409,53.9024,2099.5182,3565.8819,8.0836,39.7452,45.5506,15.4451,1749.9728,19.0616,4.232,63.7892,17.7207,1555.0277,36.8169,10.0649,137.1126,1.6529,0.3845,1.0,3.6443,4.1382,55.7977,282.2975,3.7403,8001.2514,3.64,4.4164,102.6033,79.0613,1439.9694,3.75,8.5556,14.6743,548.712,9.5973,1.2862,0.7379,22.7101,22710.1387,571.5312,36.7931,4667.0157,21.4533,12996.191,17.7207,32.6695,10.0856,3.5,2.9507,2.3512,39.2915,6.7795,1.5346,29.8557,2630.823,41.5402,3640.0026,41.5883,12832.6079,99.1247,26054.7413,119.7355,2.7524,574.3861,2.7,1.79,0.7338,574.3861,104.4926,243.5893,17.721,24.9631,26.9525
2025-06-11 00:00:01,1749600001,1,3.6725,69.7852,85.9309,383.5313,1.79,917.6231,1187.0,1.533,1.79,1.7003,1.7117,2.0,122.1866,1.7116,0.376,2975.7383,1.0,1.2865,6.9192,5.5604,1.0,85.608,13.3725,3.2712,2.0,1.3677,2881.0241,0.8222,936.524,7.1877,4139.5179,508.218,24.0,96.4992,21.6793,177.721,6.5261,59.2119,131.4937,49.5183,15.0,134.1926,0.8751,2.2456,0.7402,6.5281,0.7402,2.7299,0.7402,10.5602,0.7402,72.7563,8706.7032,7.6801,209.7791,7.8492,26.0647,6.5939,131.1345,350.8743,16272.7968,3.4936,0.7402,85.608,1309.8274,42004.9895,125.862,0.7402,159.7517,0.709,144.7742,129.1951,87.4727,4032.5481,1.533,430.5489,1365.1429,0.3063,0.8333,508.4517,21734.6823,89500.0,298.8537,199.2372,17.6995,5.4637,9.1547,17.2478,4490.6663,54.0665,2098.1719,3593.271,8.0846,39.723,45.6699,15.4437,1742.5382,19.0563,4.2353,63.8376,17.6995,1548.0598,36.7829,10.0953,136.9728,1.6523,0.3845,1.0,3.6331,4.1569,55.8437,281.9443,3.7262,8028.3273,3.64,4.4031,102.6307,78.5992,1431.3858,3.75,8.562,14.635,449.0029,9.5906,1.2864,0.7402,22.7101,22710.1387,571.8219,36.7035,4705.3677,21.4413,12873.2978,17.6995,32.6549,10.0781,3.5,2.9499,2.349,39.2202,6.7751,1.533,29.8526,2608.6854,41.5454,3606.8834,41.5207,12772.1728,99.6983,25995.2403,119.642,2.6283,574.0653,2.7,1.79,0.7349,574.0653,104.4342,243.1695,17.7052,25.1608,26.9583
2025-06-12 00:00:01,1749686401,1,3.6725,69.7974,85.8173,383.6771,1.79,917.3506,1184.5,1.5361,1.79,1.7004,1.7031,2.0,122.1321,1.7039,0.376,2973.1314,1.0,1.2851,6.9148,5.5609,1.0,85.5216,13.367,3.2694,2.0,1.3664,2889.0757,0.82,940.2248,7.194,4199.2113,507.6672,24.0,96.014,21.5843,177.721,6.4906,59.0207,131.3868,49.5101,15.0,135.0179,0.8708,2.2464,0.7384,6.4928,0.7384,2.7299,0.7384,10.2421,0.7384,72.7072,8680.1658,7.6778,209.5179,7.849,26.0613,6.5607,130.8983,348.7235,16269.3285,3.513,0.7384,85.5215,1308.0754,41927.5065,125.5517,0.7384,159.749,0.709,144.5,129.173,87.3439,4013.7487,1.5361,428.3841,1370.4372,0.306,0.8333,508.1619,21652.098,89500.0,298.6702,199.3999,17.7084,5.4568,9.1524,17.2343,4495.3393,53.8528,2097.7171,3593.5523,8.0845,39.6683,45.5596,15.4432,1737.2348,18.9379,4.2372,63.9182,17.7084,1545.7791,36.7633,10.0676,136.8345,1.6566,0.3845,1.0,3.6332,4.1089,55.9069,282.1069,3.7117,7994.0188,3.64,4.3975,102.4943,79.1787,1439.5552,3.75,8.5489,14.6693,543.0698,9.563,1.2851,0.7384,22.3674,22367.3971,570.8695,37.2607,4590.4415,21.3335,12930.802,17.7084,32.6075,10.0249,3.4961,2.9439,2.3533,39.2,6.7768,1.5361,29.807,2599.0526,41.51,3581.3628,41.4007,12700.761,100.3396,25998.8141,119.8081,2.7369,571.1788,2.7,1.79,0.7334,571.1788,103.9091,243.0934,17.7083,25.025,26.9672
2025-06-13 00:00:01,1749772801,1,3.6725,69.5472,85.1093,383.3873,1.79,918.3743,1185.5,1.5327,1.79,1.6992,1.6892,2.0,122.1719,1.689,0.376,2971.7492,1.0,1.2792,6.9152,5.537,1.0,85.5923,13.3716,3.2669,2.0,1.3609,2886.4367,0.8117,933.6466,7.1775,4186.1683,506.581,24.0,95.2338,21.3879,177.721,6.4402,59.022,130.8973,49.7557,15.0,134.8766,0.8636,2.2443,0.7353,6.441,0.7353,2.7292,0.7353,10.8065,0.7353,72.7261,8687.5475,7.675,209.2835,7.8497,26.045,6.5074,130.9916,346.2904,16225.9113,3.5607,0.7353,85.5933,1307.6716,41954.7543,124.3409,0.7353,159.2592,0.709,143.5195,129.0672,87.3928,4017.1102,1.5329,424.9034,1354.9252,0.3058,0.8333,511.6331,21653.3424,89500.0,298.6639,199.5512,17.7775,5.4592,9.0986,17.2013,4499.8917,53.8655,2095.7236,3569.2457,8.0852,39.6769,45.4594,15.4172,1738.8487,18.9026,4.2226,63.881,17.7775,1536.0716,36.7269,9.9437,136.9476,1.6495,0.3845,1.0,3.6211,4.1514,55.7289,282.2843,3.6835,8001.9463,3.64,4.345,101.2894,79.8143,1436.0247,3.75,8.5594,14.8355,510.8585,9.4431,1.2792,0.7353,22.3674,22367.3971,570.7579,37.3233,4634.0855,21.1602,12892.7896,17.7775,32.4006,10.057,3.4978,2.9285,2.3506,39.3856,6.7715,1.5329,29.3672,2582.2337,41.53,3594.8408,41.2386,12703.3397,101.0822,26033.7896,119.0876,2.7383,566.5378,2.7,1.79,0.7278,566.5378,103.0648,243.0015,17.7777,24.8208,6.9749
2025-06-14 00:00:02,1749859202,1,3.6725,69.6324,85.2488,383.3456,1.79,918.6344,1187.67,1.5408,1.79,1.6999,1.6946,2.0,122.1861,1.695,0.376,2971.7508,1.0,1.282,6.92,5.5434,1.0,86.0013,13.4349,3.065,2.0,1.3591,2872.6372,0.8119,930.7783,7.186,4190.1057,506.7057,24.0,95.5348,21.4884,177.721,6.4629,59.0123,131.0162,49.7555,15.0,134.7019,0.8664,2.2497,0.737,6.4629,0.7371,2.7289,0.737,10.7466,0.737,72.7393,8679.0714,7.6767,209.2825,7.8497,26.0596,6.528,130.9266,348.1337,16322.7303,3.6078,0.737,86.0201,1307.6791,41987.0045,125.103,0.737,159.1057,0.709,143.9848,129.1462,87.2519,4017.2867,1.5408,426.246,1366.8651,0.3059,0.8333,512.2594,21690.6019,89500.0,298.7703,199.6417,17.909,5.4593,9.1227,17.1986,4499.8445,53.2989,2095.9856,3593.6282,8.0852,39.6773,45.2656,15.4205,1743.4138,18.9452,4.2445,63.8436,17.909,1533.9979,36.7447,9.9168,137.6021,1.6616,0.3845,1.0,3.6281,4.1489,56.2212,282.0807,3.696,8009.2628,3.64,4.3622,101.5406,79.7455,1441.4,3.75,8.5522,14.8186,509.7843,9.4963,1.282,0.737,22.3674,22367.3971,570.7634,37.3244,4669.5818,21.2271,12871.5287,17.909,32.4125,9.93,3.4989,2.9317,2.3498,39.4341,6.772,1.5408,29.4427,2566.7315,41.4509,3601.9813,41.2847,12759.7998,102.157,26083.7395,119.218,2.7372,568.328,2.7,1.79,0.7297,568.328,103.3905,243.0455,17.8947,24.4162,26.9768
2025-06-15 00:00:01,1749945601,1,3.6725,69.6296,85.2381,383.3394,1.79,917.7629,1187.67,1.5407,1.79,1.6998,1.6947,2.0,122.1751,1.6948,0.376,2971.7533,1.0,1.282,6.92,5.5416,1.0,85.9693,13.4305,3.0734,2.0,1.3592,2873.0231,0.812,930.76,7.1861,4189.9184,506.6994,24.0,95.5431,21.4963,177.721,6.464,59.0146,131.0102,49.7534,15.0,134.6845,0.8665,2.2494,0.737,6.464,0.737,2.7288,0.737,10.7197,0.737,72.7375,8680.9375,7.6767,209.2811,7.8497,26.0595,6.5285,130.9065,348.3222,16317.8959,3.601,0.737,85.9986,1307.6905,41985.34,125.0871,0.737,159.1447,0.709,143.9521,129.1473,87.2522,4017.5543,1.5407,426.2834,1367.3108,0.3059,0.8333,512.2396,21691.9806,89500.0,298.7741,199.6451,17.9096,5.4594,9.1239,17.1986,4499.7724,53.5336,2095.9815,3590.4289,8.0852,39.6779,45.2674,15.4203,1742.6249,18.9546,4.2442,63.8494,17.9096,1533.8443,36.7448,9.919,137.5509,1.6617,0.3845,1.0,3.6282,4.1496,56.2046,282.1594,3.6971,8009.7923,3.64,4.3623,101.5582,79.7178,1441.172,3.75,8.5527,14.8161,508.1572,9.4976,1.282,0.737,22.3674,22367.3971,570.7716,37.3262,4665.3047,21.2289,12870.3449,17.9096,32.4137,9.9306,3.4993,2.9323,2.3496,39.4392,6.772,1.5407,29.4622,2566.4521,41.4504,3601.5841,41.2825,12759.6532,102.157,26075.3,119.1991,2.7374,568.3778,2.7,1.79,0.7296,568.3778,103.3996,243.0487,17.8904,24.4397,26.9768
2025-06-16 00:00:01,1750032001,1,3.6725,69.8602,84.9986,383.4387,1.79,918.4876,1187.67,1.5418,1.79,1.7007,1.695,2.0,121.7533,1.6951,0.376,2970.93,1.0,1.2823,6.9317,5.5464,1.0,86.1072,13.4529,3.2323,2.0,1.3588,2892.338,0.812,934.2831,7.1848,4147.284,505.0075,24.0,95.5607,21.5096,177.721,6.4654,59.1187,130.2819,50.2035,15.0,134.753,0.8668,2.2502,0.7376,6.4655,0.7378,2.7283,0.7376,10.3587,0.7376,72.747,8725.2829,7.6904,209.1745,7.8495,26.1083,6.5297,130.8722,348.7808,16303.5076,3.5943,0.7376,86.1074,1307.644,41976.4744,124.8892,0.7376,159.06,0.709,144.4485,129.235,87.2535,4024.5225,1.5419,426.3619,1366.262,0.3061,0.8333,512.5943,21721.9575,89500.0,299.4367,200.0795,17.939,5.4544,9.1213,17.1636,4441.5984,53.5499,2098.1425,3594.3476,8.0851,39.6948,45.4258,15.458,1739.8675,18.9373,4.2456,63.8989,17.939,1546.3046,36.7932,9.9181,137.7715,1.6628,0.3845,1.0,3.6185,4.1556,56.22,282.8183,3.7017,8027.8679,3.64,4.3608,101.6107,79.6924,1430.1936,3.75,8.5227,14.733,458.843,9.5003,1.2826,0.7376,22.3674,22367.3971,571.8378,37.5219,4644.0132,21.2328,12879.8747,17.939,32.435,9.934,3.4987,2.934,2.3743,39.4663,6.7918,1.5419,29.3946,2577.5556,41.4943,3599.8531,41.1672,12752.8765,102.157,26075.0345,118.9023,2.6856,568.4826,2.7,1.79,0.7296,568.4826,103.4186,243.2911,17.9412,24.2303,26.9768
2025-06-17 00:00:01,1750118401,1,3.6725,69.6829,84.7859,383.7321,1.79,918.4746,1187.67,1.5336,1.79,1.6998,1.6914,2.0,122.1398,1.6912,0.376,2970.908,1.0,1.2805,6.9093,5.5392,1.0,85.9879,13.4133,3.1062,2.0,1.3569,2878.4465,0.813,937.4185,7.1831,4134.5128,504.0303,24.0,95.3565,21.4546,177.721,6.452,58.9483,130.1085,50.2917,15.0,133.7215,0.8649,2.2487,0.7364,6.4518,0.7365,2.7281,0.7364,10.2511,0.7364,72.7552,8702.5585,7.6825,209.1685,7.8499,26.0842,6.5158,130.875,347.6041,16295.2587,3.5112,0.7364,85.981,1307.6629,41998.2103,124.1991,0.7364,159.6471,0.709,144.482,129.1276,87.2748,4025.2241,1.5332,425.4508,1359.2628,0.3059,0.8333,513.4819,21707.8417,89500.0,300.0429,199.908,17.7966,5.4545,9.1104,17.1289,4429.6596,53.5657,2097.5691,3574.5915,8.0854,39.6964,45.4158,15.4519,1744.4986,18.9167,4.2413,63.7105,17.7966,1545.4783,36.7757,9.9081,137.5806,1.6508,0.3845,1.0,3.6114,4.1283,56.368,283.2367,3.6916,8011.2619,3.64,4.3403,101.2595,78.8382,1440.7416,3.75,8.5225,14.6713,454.3537,9.4804,1.2808,0.7364,22.3674,22367.3971,571.8866,37.6283,4698.4659,21.1875,12872.6005,17.7966,32.4455,9.9761,3.4998,2.9282,2.3879,39.414,6.7793,1.5332,29.3254,2573.7616,41.5433,3602.9503,40.9591,12724.8568,102.157,26047.7511,119.6012,2.7466,567.2678,2.7,1.79,0.7324,567.2678,103.1976,243.2178,17.7966,24.3548,26.9796
2025-06-18 00:00:02,1750204802,1,3.6725,70.4016,84.7755,383.9611,1.79,919.2802,1180.08,1.5381,1.79,1.6996,1.6991,2.0,122.2005,1.6982,0.376,2970.8845,1.0,1.2843,6.9257,5.4904,1.0,86.3309,13.4136,3.0986,2.0,1.3621,2884.4301,0.8157,935.8851,7.1879,4089.5115,503.3087,24.0,95.7906,21.5271,177.721,6.4874,59.1254,130.0782,50.1456,15.0,134.1857,0.8689,2.2376,0.7424,6.4866,0.7417,2.7272,0.7424,10.5635,0.7424,72.3346,8698.4202,7.6774,209.1622,7.8499,26.1107,6.5455,130.8583,350.1167,16290.5629,3.5105,0.7424,86.3359,1307.6831,41999.1769,124.2213,0.7424,159.3399,0.709,145.1315,129.171,87.2748,4025.9743,1.5392,427.3877,1370.0612,0.3062,0.8333,518.1752,21752.9008,89500.0,300.5984,199.8631,17.9576,5.4285,9.1206,17.1032,4499.803,53.2029,2096.7659,3545.8957,8.0854,39.6982,45.2928,15.4318,1745.5134,18.9982,4.2446,63.8389,17.9576,1545.6443,36.6823,9.923,138.1295,1.6568,0.3845,1.0,3.6065,4.1094,56.5882,283.2683,3.7134,8015.2405,3.64,4.3517,101.5105,78.523,1439.4239,3.75,8.5189,14.6605,449.5537,9.5205,1.2843,0.7424,22.3674,22367.3971,571.9388,38.5393,4705.2861,21.2839,12865.4745,17.9576,32.5612,9.9948,3.5,2.9177,2.3486,39.489,6.7841,1.5392,29.4882,2568.7035,41.5018,3599.6067,41.071,12670.814,102.8083,26073.9368,118.9539,2.7346,569.8503,2.7,1.79,0.731,569.8503,103.6674,242.819,17.9427,24.4398,26.9815
2025-06-19 00:00:01,1750291201,1,3.6725,70.4676,85.1799,384.3277,1.79,919.8016,1151.0,1.5376,1.79,1.7008,1.7019,2.0,122.2127,1.7016,0.376,2977.4779,1.0,1.2848,6.9254,5.4912,1.0,86.4835,13.4571,3.1725,2.0,1.3681,2892.2825,0.8179,944.3144,7.1906,4093.2933,504.6126,24.0,95.9471,21.5989,177.721,6.494,59.1454,130.0618,50.5269,15.0,135.117,0.8702,2.2492,0.7445,6.4941,0.7446,2.7276,0.7445,10.3711,0.7445,72.7956,8690.479,7.6806,209.2506,7.8505,26.12,6.5561,131.1555,351.07,16324.5073,3.4833,0.7445,86.4882,1310.2242,42080.1585,124.846,0.7445,159.3838,0.709,144.9253,129.1782,87.447,4017.02,1.5375,428.0857,1374.5472,0.3063,0.8333,519.0156,21656.7615,89500.0,300.3909,199.7403,18.0116,5.4237,9.1422,17.1238,4512.0917,53.3811,2099.17,3603.2913,8.0859,39.7109,45.5674,15.4583,1739.025,19.008,4.2498,63.8698,18.0116,1547.2974,36.7747,9.9677,138.3736,1.6585,0.3845,1.0,3.6131,4.1155,57.1447,283.3963,3.7175,8002.8577,3.64,4.3732,101.8235,78.5043,1438.7565,3.75,8.5688,14.7782,544.2088,9.6242,1.2848,0.7445,22.4663,22466.2843,571.7209,38.914,4597.1381,21.3187,12943.7714,18.0116,32.631,9.8912,3.5015,2.9374,2.3587,39.5589,6.7819,1.5375,29.4651,2607.8105,41.6405,3603.2664,40.8659,12642.2064,103.7355,26086.4988,119.8122,2.6481,570.781,2.7,1.79,0.7344,570.781,103.8367,242.7856,18.0224,24.2987,26.9865
2025-06-20 00:00:01,1750377601,1,3.6725,70.8694,85.3508,384.1678,1.79,919.9345,1156.17,1.5443,1.79,1.7006,1.7024,2.0,122.2358,1.7025,0.376,2976.3282,1.0,1.2874,6.9289,5.4918,1.0,86.7986,13.4944,3.1378,2.0,1.3704,2891.7242,0.8172,944.3303,7.188,4081.9521,505.0337,24.0,95.9754,21.5886,177.721,6.489,59.2757,130.4039,50.6517,15.0,135.8069,0.8701,2.2565,0.7434,6.4907,0.7431,2.7267,0.7434,10.4241,0.7434,72.7905,8695.7493,7.6844,209.2463,7.8506,26.1191,6.5581,131.0939,350.585,16383.5119,3.4898,0.7434,86.8044,1309.8428,42043.2762,124.6399,0.7434,159.4667,0.709,145.3435,129.1677,87.4476,4021.5269,1.544,428.2121,1378.7318,0.3064,0.8333,519.9422,21680.5998,89500.0,300.2911,199.8359,18.0494,5.4328,9.1549,17.0913,4461.208,53.4679,2098.9366,3612.0716,8.0858,39.72,45.5897,15.4559,1740.4258,19.0491,4.2591,63.8799,18.0494,1548.3816,36.7995,10.0394,138.8778,1.6686,0.3845,1.0,3.5914,4.1529,57.3584,283.4427,3.7203,8009.9524,3.64,4.3846,102.1376,78.4196,1445.1203,3.75,8.578,14.7594,511.9593,9.6312,1.2866,0.7434,22.4663,22466.2843,571.6475,38.908,4638.2792,21.325,12915.9029,18.0494,32.7588,9.8971,3.5008,2.9415,2.3552,39.6178,6.7848,1.544,29.5536,2608.9914,41.6877,3602.9201,40.9056,12681.1951,104.5434,26132.52,119.782,2.7195,570.9495,2.7,1.79,0.7349,570.9495,103.8674,242.7343,18.0497,23.7835,26.9907
2025-06-21 00:00:02,1750464002,1,3.6725,70.8579,85.3594,384.1059,1.79,919.2409,1156.17,1.5459,1.79,1.7006,1.6973,2.0,122.2574,1.6974,0.376,2976.2797,1.0,1.2863,6.931,5.4917,1.0,86.6719,13.4818,3.0526,2.0,1.3726,2881.3385,0.8177,941.3561,7.1822,4085.6414,505.1566,24.0,95.6873,21.5528,177.721,6.4752,59.2501,130.388,50.6633,15.0,135.5415,0.8678,2.2569,0.7427,6.4752,0.7427,2.7262,0.7427,10.5648,0.7427,72.7888,8684.3405,7.6854,209.2453,7.8499,26.1197,6.5384,131.0928,349.4992,16393.1506,3.4874,0.7427,86.6721,1309.8255,42021.4216,123.9767,0.7427,159.8685,0.709,145.8389,129.1689,87.4425,4021.6561,1.5465,426.9268,1370.4553,0.3062,0.8333,520.7255,21717.5068,89500.0,300.4156,199.8567,18.0071,5.4329,9.1372,17.1722,4447.2889,53.5579,2099.0975,3608.2354,8.0854,39.72,45.6994,15.4605,1744.3944,19.1208,4.2547,63.8285,18.0071,1546.5537,36.8079,10.1005,138.6751,1.6739,0.3845,1.0,3.5963,4.1541,57.2286,283.5169,3.7082,8019.1326,3.64,4.3741,101.7674,78.4229,1446.3911,3.75,8.5726,14.9439,510.921,9.6693,1.2863,0.7427,22.4663,22466.2843,571.6429,38.9078,4677.828,21.261,12894.7249,18.0071,32.7931,9.8806,3.5004,2.9253,2.3557,39.6924,6.785,1.5465,29.4459,2602.1307,41.8717,3605.6151,40.9071,12582.8428,105.4527,26112.0785,119.8184,2.7126,569.2358,2.7,1.79,0.7347,569.2358,103.5556,242.7514,18.0072,23.5816,26.9918
2025-06-22 00:00:02,1750550402,1,3.6725,70.8607,85.3622,384.1162,1.79,918.4366,1156.17,1.5469,1.79,1.7006,1.6979,2.0,122.2316,1.698,0.376,2976.2062,1.0,1.2864,6.931,5.4915,1.0,86.6805,13.4811,3.0619,2.0,1.3725,2879.8186,0.8176,941.7039,7.1828,4085.3554,505.153,24.0,95.7254,21.5521,177.721,6.4767,59.2524,130.3934,50.6624,15.0,135.5064,0.8681,2.2566,0.7427,6.4767,0.7427,2.7262,0.7427,10.55,0.7427,72.789,8686.6235,7.6854,209.2439,7.8504,26.1194,6.541,130.9977,349.5887,16401.8113,3.4876,0.7427,86.6806,1309.7992,42023.9906,124.0193,0.7427,159.7827,0.709,145.8143,129.1544,87.4433,4021.8524,1.5469,427.0967,1370.6316,0.3062,0.8333,520.7073,21718.3917,89500.0,300.3998,199.859,18.0015,5.433,9.1373,17.17,4452.5967,53.4311,2099.0561,3604.2677,8.0859,39.7201,45.6976,15.4602,1743.6945,19.1218,4.255,63.8332,18.0015,1546.3594,36.8072,10.0992,138.6888,1.674,0.3845,1.0,3.5961,4.1545,57.2346,283.517,3.7082,8019.3714,3.64,4.3736,101.7736,78.4177,1446.518,3.75,8.5728,14.9345,509.345,9.6682,1.2864,0.7427,22.4663,22466.2843,571.6359,38.9074,4673.6428,21.2694,12893.3057,18.0015,32.7792,9.8806,3.5003,2.9267,2.3554,39.6897,6.785,1.5469,29.4216,2605.9282,41.8623,3605.5141,40.9071,12591.3916,105.4527,26111.9873,119.8121,2.7136,569.4622,2.7,1.79,0.7346,569.4622,103.5968,242.7486,18.0015,23.6071,26.9918
2025-06-23 00:00:01,1750636801,1,3.6725,70.6324,84.9683,385.3232,1.79,920.731,1156.17,1.5503,1.79,1.6984,1.6989,2.0,122.0215,1.6988,0.376,2972.9421,1.0,1.2866,6.9163,5.4891,1.0,86.6555,13.4182,3.2217,2.0,1.3736,2905.1638,0.8172,941.3362,7.1809,4078.7571,504.4384,24.0,95.7773,21.558,177.721,6.485,59.3059,130.1976,50.7451,15.0,136.714,0.8685,2.2472,0.7435,6.4843,0.7435,2.7254,0.7435,10.3596,0.7435,72.7766,8730.7465,7.6796,209.2667,7.85,26.0961,6.5445,131.1472,349.8287,16411.6962,3.4662,0.7435,86.6689,1308.5581,43213.1348,124.0782,0.7435,159.5022,0.709,146.076,129.075,87.4693,4026.9496,1.5502,427.328,1372.362,0.3059,0.8333,521.5273,21687.8019,89500.0,300.2165,199.6981,18.0506,5.4343,9.1353,17.1318,4438.5661,53.4351,2096.0975,3619.8476,8.0854,39.6756,45.6325,15.4351,1733.1092,19.1765,4.2528,63.7741,18.0506,1546.1151,36.7619,10.0972,138.6488,1.6776,0.3845,1.0,3.5954,4.1635,57.2287,283.7733,3.7065,8007.8036,3.64,4.3687,101.6216,78.5003,1436.009,3.75,8.5606,14.7302,458.4998,9.6759,1.2863,0.7435,22.4663,22466.2843,571.2402,38.7164,4652.8084,21.2809,12864.5825,18.0506,32.8359,9.8809,3.5005,2.9198,2.373,39.6862,6.7759,1.5502,29.4284,2639.6469,41.8429,3595.6268,40.8395,12334.933,105.4527,26040.8201,118.9579,2.7261,569.7707,2.7,1.79,0.7346,569.7707,103.653,242.5192,18.0513,23.2007,26.9918
2025-06-24 00:00:02,1750723202,1,3.6725,71.0577,85.2861,385.7476,1.79,920.3104,1167.33,1.5515,1.79,1.7001,1.6924,2.0,122.2782,1.6937,0.376,2973.6291,1.0,1.2879,6.9257,5.5082,1.0,86.6299,13.4834,3.1511,2.0,1.3742,2881.9061,0.8148,941.5507,7.1829,4083.5753,505.324,24.0,95.4121,21.5444,177.721,6.4448,59.3793,130.3108,50.6761,15.0,135.2022,0.866,2.2718,0.7413,6.4475,0.741,2.7251,0.7413,10.5536,0.7413,72.742,8699.1114,7.6928,209.1936,7.8502,26.1256,6.5196,131.2218,349.5889,16497.8184,3.4493,0.7413,86.6275,1308.878,42481.3357,124.5497,0.7413,159.7836,0.709,146.3374,129.2445,87.3334,4028.7296,1.549,425.699,1378.2745,0.3064,0.8333,521.9567,21701.3228,89500.0,300.6377,200.0816,17.9293,5.4496,9.1414,17.1834,4432.9623,53.439,2098.6023,3604.9387,8.0856,39.7112,45.6588,15.4451,1741.8448,19.1583,4.2922,63.6285,17.9293,1549.4864,36.8126,10.1019,138.6078,1.6767,0.3845,1.0,3.5991,4.1369,57.4899,283.8015,3.7113,8012.5126,3.64,4.3857,102.1455,78.4397,1447.436,3.75,8.553,14.5087,454.1131,9.6416,1.2876,0.7413,22.4663,22466.2843,571.3929,38.8154,4707.8474,21.1998,12916.623,17.9293,32.8501,9.8801,3.5001,2.9251,2.385,39.7058,6.7978,1.549,29.6002,2627.7058,41.8874,3604.672,40.9591,12372.5125,105.4527,26123.2016,119.2362,2.6868,567.5986,2.7,1.79,0.7348,567.5986,103.2578,242.7048,17.9286,23.2169,26.9965
2025-06-25 00:00:01,1750809601,1,3.6725,70.936,84.526,385.837,1.79,920.7477,1176.0,1.5394,1.79,1.6999,1.6846,2.0,122.2296,1.6846,0.376,2968.6199,1.0,1.2801,6.9221,5.5036,1.0,85.9948,13.3861,3.1448,2.0,1.372,2885.705,0.8066,948.4638,7.1712,4082.0877,505.4632,24.0,94.9728,21.3551,177.721,6.4257,59.3109,129.9284,50.0394,15.0,136.0606,0.8613,2.2499,0.7349,6.4256,0.7349,2.7243,0.7349,10.5575,0.7349,72.7185,8694.4423,7.6877,209.2752,7.85,26.1096,6.4896,131.102,345.9119,16326.421,3.4047,0.7349,85.9951,1312.2187,42462.1912,122.6718,0.7349,159.8608,0.709,144.8816,129.2431,87.3866,4022.8452,1.5395,423.7389,1358.2279,0.3058,0.8333,518.549,21663.1215,89500.0,300.2665,199.8844,17.7395,5.4453,9.102,17.1317,4431.5328,53.6131,2096.7847,3579.5391,8.0854,39.7079,45.526,15.4375,1744.9404,19.0094,4.2455,63.6227,17.7395,1547.2754,36.787,10.1138,137.5917,1.6627,0.3845,1.0,3.5769,4.1432,57.0679,283.9462,3.6666,8000.0003,3.64,4.3482,100.9896,78.423,1445.6815,3.75,8.5531,14.5531,449.2191,9.5272,1.28,0.7349,22.4663,22466.2843,571.5032,38.9145,4712.7819,21.1022,12904.6252,17.7395,32.6654,9.878,3.5,2.9135,2.3813,39.6319,6.7888,1.5395,29.3844,2660.9784,41.7987,3586.0373,40.4521,12393.9953,105.4527,26097.8135,119.4855,2.7359,564.9852,2.7,1.79,0.7314,564.9852,102.7824,242.4862,17.739,23.3383,26.9543
2025-06-26 00:00:01,1750896001,1,3.6725,70.8787,84.5599,385.2624,1.79,919.2918,1176.33,1.537,1.79,1.7009,1.6798,2.0,122.3413,1.6805,0.376,2974.4555,1.0,1.2797,6.9319,5.5338,1.0,86.0866,13.3819,3.1946,2.0,1.3724,2892.5793,0.8051,936.9929,7.1702,4079.5001,505.9912,24.0,94.7024,21.2966,177.721,6.4002,59.2761,129.9803,49.9002,15.0,135.923,0.8587,2.2519,0.733,6.4026,0.7328,2.7238,0.733,10.4626,0.733,72.7127,8679.7557,7.6946,209.2567,7.8497,26.1372,6.4711,131.1372,344.627,16311.8828,3.4052,0.733,86.0826,1310.8404,42345.2078,122.421,0.733,160.0583,0.709,145.2436,129.2073,87.3513,4013.1942,1.5373,422.5324,1360.2989,0.3059,0.8333,518.6786,21616.7142,89500.0,300.3667,200.113,17.7512,5.418,9.1021,17.0804,4430.4606,53.0374,2102.5112,3584.5685,8.0853,39.7334,45.4318,15.4585,1740.4575,18.945,4.238,63.7234,17.7512,1549.7788,36.8039,10.1254,137.7386,1.6568,0.3845,1.0,3.577,4.1195,56.7258,283.7195,3.6528,7994.9268,3.64,4.3545,100.9758,78.347,1442.9718,3.75,8.5181,14.5574,544.2069,9.4969,1.2796,0.733,22.462,22461.9976,571.5661,37.803,4622.2324,21.0421,12944.643,17.7512,32.5974,9.8633,3.5006,2.9056,2.3804,39.7705,6.806,1.5373,29.2488,2649.7847,41.7086,3584.1296,40.4381,12446.7702,106.1685,26064.6582,119.611,2.7329,563.3765,2.7,1.79,0.7288,563.3765,102.4897,242.6345,17.7487,23.6046,26.9481
2025-06-27 00:00:01,1750982401,1,3.6725,70.5366,84.1225,385.1328,1.79,920.4293,1194.67,1.5279,1.79,1.7019,1.6722,2.0,122.3377,1.6722,0.376,2974.4725,1.0,1.2749,6.9296,5.5493,1.0,85.7127,13.3461,3.1733,2.0,1.366,2888.8275,0.8009,938.5752,7.1635,4071.1211,505.7071,24.0,94.2731,21.1564,177.721,6.3784,59.1757,129.926,49.9039,15.0,135.6988,0.8549,2.2458,0.7288,6.3792,0.7287,2.7237,0.7288,10.6604,0.7288,72.7203,8675.712,7.7031,209.2568,7.8499,26.1378,6.4418,131.0845,341.7878,16217.5006,3.3911,0.7288,85.7083,1310.838,42206.2411,121.3442,0.7288,160.1404,0.709,144.4812,129.2117,87.3128,4013.1734,1.528,420.617,1355.8218,0.3059,0.8333,518.4521,21631.0392,89500.0,299.9053,200.1749,17.8303,5.418,9.087,17.1001,4430.4778,53.0652,2104.2357,3577.0656,8.0854,39.7334,45.3373,15.4718,1743.699,18.8814,4.2286,63.7162,17.8303,1544.5991,36.8162,10.0814,137.1404,1.6499,0.3845,1.0,3.5704,4.1217,56.6382,283.7276,3.628,8001.6206,3.64,4.3308,100.1295,78.5467,1446.0616,3.75,8.5381,14.4817,544.4444,9.4981,1.2748,0.7288,22.462,22461.9976,571.5667,37.8031,4661.6053,20.9467,12981.3753,17.8303,32.5035,9.8686,3.5004,2.8935,2.3831,39.8142,6.8098,1.528,28.9902,2647.2159,41.647,3587.0861,40.314,12515.2182,106.862,26021.2549,119.5027,2.6923,560.8227,2.7,1.79,0.7266,560.8227,102.0251,242.9646,17.8304,23.5375,26.9507
2025-06-28 00:00:01,1751068801,1,3.6725,70.5975,84.2455,384.8114,1.79,918.1451,1189.83,1.5306,1.79,1.7005,1.6705,2.0,122.2756,1.6705,0.376,2974.4973,1.0,1.276,6.9319,5.4812,1.0,85.5581,13.3786,3.0621,2.0,1.3675,2877.2616,0.7997,933.0793,7.1694,4073.4915,505.7848,24.0,94.1764,21.1252,177.721,6.3701,59.1779,129.9198,49.8952,15.0,135.2452,0.8541,2.2469,0.7295,6.3704,0.7295,2.7236,0.7295,10.7895,0.7295,72.727,8672.0397,7.6994,209.257,7.8501,26.1346,6.4352,131.0478,340.6258,16239.2188,3.388,0.7295,85.5582,1310.8346,42100.8335,121.2267,0.7295,160.1723,0.709,144.6523,129.1399,87.2722,4013.1431,1.5306,420.1856,1358.9055,0.3059,0.8333,519.8525,21638.1869,89500.0,299.927,200.1617,17.8207,5.418,9.0314,17.0133,4430.5255,52.7603,2103.9138,3593.6396,8.0856,39.7334,45.3258,15.467,1746.8626,18.8457,4.2287,63.5871,17.8207,1540.3785,36.8148,10.0803,136.893,1.6513,0.3845,1.0,3.5607,4.1216,56.581,283.9276,3.6192,8002.4031,3.64,4.3366,100.0416,78.5468,1449.6691,3.75,8.5243,14.753,544.7909,9.4871,1.276,0.7295,22.462,22461.9976,571.5676,37.8031,4691.0068,20.9252,12953.3928,17.8207,32.5945,9.8725,3.5002,2.882,2.3794,39.8892,6.8084,1.5306,28.9352,2635.4526,41.6642,3588.7142,40.3528,12610.0261,107.6245,26095.3148,119.5045,2.6976,560.2474,2.7,1.79,0.7257,560.2474,101.9205,242.7808,17.8207,23.687,26.9389
2025-06-29 00:00:01,1751155201,1,3.6725,70.5922,84.2351,384.8206,1.79,920.1735,1189.83,1.5302,1.79,1.7006,1.6703,2.0,122.2832,1.6703,0.376,2974.537,1.0,1.2759,6.9317,5.4812,1.0,85.5658,13.377,3.0741,2.0,1.367,2883.4495,0.7996,933.0361,7.1686,4073.2919,505.7776,24.0,94.1669,21.1256,177.721,6.3708,59.1777,129.9204,49.8958,15.0,134.9728,0.854,2.2469,0.7292,6.3708,0.7292,2.7236,0.7292,10.7735,0.7292,72.7261,8672.4747,7.6997,209.2573,7.8501,26.1349,6.4345,131.0308,340.6858,16236.0863,3.3874,0.7292,85.5659,1310.8292,42111.4475,121.2349,0.7292,160.0965,0.709,144.6323,129.1891,87.2756,4013.0947,1.5302,420.1429,1359.1285,0.3059,0.8333,519.9292,21636.9492,89500.0,299.9237,200.1632,17.8214,5.418,9.0343,17.0199,4430.5912,52.7181,2103.9265,3593.6087,8.0856,39.7334,45.3302,15.4648,1746.4695,18.8465,4.2287,63.698,17.8214,1541.3109,36.815,10.0792,136.9053,1.6512,0.3845,1.0,3.5635,4.1216,56.5821,283.9419,3.62,8002.2009,3.64,4.3365,100.061,78.5551,1449.1715,3.75,8.5266,14.7455,545.3442,9.4876,1.2759,0.7292,22.462,22461.9976,571.5691,37.8031,4687.4654,20.9231,12956.4111,17.8214,32.5886,9.8721,3.5001,2.8834,2.3796,39.9191,6.8085,1.5302,28.8932,2638.6475,41.6618,3588.2988,40.3494,12605.4441,107.6245,26088.7061,119.4951,2.6963,560.1905,2.7,1.79,0.7255,560.1905,101.9101,242.7971,17.8215,23.6785,26.9389
2025-06-30 00:00:01,1751241601,1,3.6725,70.458,83.8408,384.6016,1.79,919.7598,1189.83,1.5308,1.79,1.7011,1.668,2.0,122.3223,1.6681,0.376,2992.0377,1.0,1.2758,6.9255,5.4786,1.0,85.5574,13.3735,3.2503,2.0,1.3679,2903.4339,0.7989,934.2875,7.1661,4057.1334,505.0864,24.0,94.0404,21.1227,177.721,6.3614,59.5265,129.622,49.7789,15.0,135.1218,0.853,2.243,0.7293,6.3614,0.7294,2.7232,0.7293,10.4346,0.7293,72.7244,8710.7399,7.6952,209.2554,7.8501,26.1514,6.4259,131.071,340.2302,16230.2042,3.3829,0.7293,85.5496,1310.2991,43123.4563,121.2073,0.7293,160.3641,0.709,144.5064,129.3482,87.3127,4016.4411,1.5306,419.5787,1362.3492,0.3058,0.8333,520.6511,21666.5793,89500.0,299.6356,200.2033,17.7904,5.4161,9.0371,17.0528,4425.6471,52.7404,2103.0116,3590.9501,8.0854,39.8521,45.1932,15.4587,1737.0158,18.8176,4.2289,63.6417,17.7904,1540.753,36.8296,10.0687,136.8919,1.6502,0.3845,1.0,3.5668,4.1247,56.5896,283.7957,3.6134,8019.3714,3.64,4.336,100.0985,78.5336,1442.2555,3.75,8.5586,14.7377,458.534,9.4753,1.2759,0.7293,22.462,22461.9976,571.7223,37.8861,4669.8366,20.895,12912.5909,17.7904,32.5975,9.87,3.5002,2.8967,2.3948,39.9065,6.8028,1.5306,28.8832,2632.6442,41.719,3590.1044,40.2943,12688.8103,107.6245,26013.65,119.1456,2.7153,559.4383,2.7,1.79,0.7255,559.4383,101.7733,242.5291,17.7893,23.7139,26.9389
2025-07-01 00:00:01,1751328001,1,3.6725,70.2046,83.6994,384.464,1.79,921.9483,1194.08,1.5242,1.79,1.7002,1.6634,2.0,122.5965,1.664,0.376,2992.4637,1.0,1.2734,6.9132,5.4851,1.0,85.751,13.3486,3.1467,2.0,1.3638,2887.6664,0.7948,938.1098,7.1638,4057.8753,504.5939,24.0,93.7779,21.0495,177.721,6.3392,59.4653,129.4065,49.6012,15.0,135.9439,0.8505,2.2423,0.7288,6.3395,0.7289,2.7225,0.7288,10.6869,0.7288,72.7306,8690.2722,7.6878,209.2544,7.85,26.1257,6.4079,131.0813,339.8511,16214.1687,3.3739,0.7288,85.7501,1310.2996,42439.0808,121.2675,0.7288,159.9858,0.709,144.0807,129.2288,87.2689,4016.6984,1.5244,418.4076,1353.3635,0.3057,0.8333,519.8574,21638.1558,89500.0,299.8309,200.0009,17.7355,5.4161,9.0153,16.8927,4420.5255,52.7621,2101.6364,3566.6348,8.0855,39.8558,45.123,15.4468,1743.7353,18.7996,4.212,63.7041,17.7355,1535.3162,36.7954,10.0855,137.2016,1.6442,0.3845,1.0,3.545,4.1215,56.3459,283.8474,3.6079,7995.5066,3.64,4.3339,99.7963,78.4447,1448.3355,3.75,8.5535,14.7713,454.0647,9.4779,1.2734,0.7288,22.462,22461.9976,571.7225,37.8886,4716.4128,20.8367,12903.5454,17.7355,32.4903,9.8868,3.5,2.8917,2.3655,39.821,6.7893,1.5244,29.0969,2631.5567,41.7789,3593.7366,40.2517,12698.3414,108.1891,26050.1801,118.9768,2.6798,557.8768,2.7,1.79,0.7272,557.8768,101.4892,242.3816,17.7357,23.794,26.9457
2025-07-02 00:00:01,1751414401,1,3.6725,70.1257,83.0843,384.6189,1.79,919.3324,1203.0,1.5204,1.79,1.7001,1.6584,2.0,122.6725,1.6581,0.376,2989.0603,1.0,1.2727,6.9257,5.4328,1.0,85.6004,13.2641,3.1446,2.0,1.3637,2881.5839,0.7915,931.9856,7.1636,4077.9864,504.8032,24.0,93.494,20.9151,177.721,6.3244,59.4081,129.6574,49.4512,15.0,136.2896,0.8479,2.2287,0.7277,6.3248,0.7277,2.7212,0.7277,10.6927,0.7277,72.7351,8687.5028,7.6877,209.1245,7.8494,26.1357,6.3885,131.0145,338.2992,16213.294,3.3719,0.7277,85.6019,1308.6083,42426.6777,120.4818,0.7277,159.9522,0.709,143.4333,129.2477,87.2881,4011.7902,1.5204,417.1408,1354.1224,0.3051,0.8333,518.8767,21605.3264,89500.0,299.8331,200.3068,17.607,5.3934,8.9807,16.8182,4410.1702,52.6333,2100.6711,3573.5577,8.0847,39.8596,44.9674,15.4574,1742.8979,18.7331,4.1959,63.6281,17.607,1530.8244,36.7953,10.0664,136.9606,1.6398,0.3845,1.0,3.5426,4.0983,56.3306,283.8506,3.5996,7987.8732,3.64,4.3002,99.3213,78.4826,1447.8417,3.75,8.4873,14.6071,449.2926,9.4754,1.2724,0.7277,22.462,22461.9976,572.0402,37.8933,4720.5737,20.7736,13091.1356,17.607,32.4398,9.8815,3.5,2.8815,2.3586,39.8789,6.7662,1.5204,29.1028,2622.7614,41.8173,3592.2539,39.9558,12683.1803,108.9785,26011.8911,118.8965,2.7093,556.1877,2.7,1.79,0.7246,556.1877,101.1819,242.1861,17.6074,24.0119,26.9502
2025-07-03 00:00:01,1751500801,1,3.6725,70.1226,83.1589,384.3955,1.79,920.8675,1231.33,1.5206,1.79,1.7,1.659,2.0,122.3572,1.6595,0.376,2980.0952,1.0,1.2732,6.9185,5.4661,1.0,85.6716,13.288,3.1737,2.0,1.3613,2890.7969,0.7922,928.869,7.163,4026.3146,505.1162,24.0,93.5311,20.9274,177.721,6.3263,59.4307,129.4077,49.3503,15.0,136.8003,0.8482,2.2377,0.7325,6.3267,0.7325,2.7185,0.7325,10.5924,0.7325,72.7206,8678.8601,7.6872,209.075,7.85,26.1385,6.3911,131.1062,339.0857,16223.4715,3.3753,0.7325,85.6718,1308.3586,42249.8402,121.3513,0.7325,159.8143,0.709,143.6699,129.2244,87.2939,4011.0187,1.5205,417.3064,1356.9612,0.3052,0.8333,518.7593,21621.7367,89500.0,299.755,200.4703,17.5854,5.3818,8.9751,16.7896,4399.7313,52.1587,2099.7875,3573.2063,8.0857,39.8629,44.8491,15.4495,1738.1223,18.7709,4.2265,63.6845,17.5854,1530.3799,36.7865,10.0799,137.0745,1.6437,0.3845,1.0,3.5573,4.1155,56.3659,283.9313,3.612,7974.4088,3.64,4.3053,99.3959,78.7217,1442.4577,3.75,8.5056,14.5478,543.8155,9.5195,1.2732,0.7325,22.4264,22426.3818,571.287,37.543,4613.7786,20.7819,13049.1182,17.5854,32.4088,9.8413,3.4982,2.8862,2.3609,39.8898,6.7772,1.5205,28.9066,2632.7383,41.8502,3584.7009,39.7101,12630.5321,109.7724,26055.8844,118.8854,2.6826,556.4085,2.7,1.79,0.7265,556.4085,101.2221,242.1455,17.5855,23.9946,26.9529
2025-07-04 00:00:01,1751587201,1,3.6725,69.9482,83.0869,384.3623,1.79,919.5778,1226.92,1.5215,1.79,1.7005,1.6627,2.0,122.5904,1.6624,0.376,2983.4038,1.0,1.2745,6.9191,5.4252,1.0,85.4146,13.2518,3.1682,2.0,1.3582,2889.0732,0.7945,926.2916,7.1642,4007.7452,505.0402,24.0,93.7362,20.9333,177.721,6.3431,59.5562,129.5959,49.3524,15.0,136.7409,0.85,2.2378,0.7324,6.3433,0.7323,2.7181,0.7324,10.6738,0.7324,72.7283,8684.0562,7.689,209.1559,7.8503,26.1326,6.4051,131.099,339.0388,16204.3921,3.3443,0.7324,85.4393,1308.5388,42347.4344,121.0166,0.7324,159.7013,0.709,144.5777,129.1491,87.356,4011.616,1.5216,418.2215,1361.9268,0.3051,0.8333,519.3685,21589.3606,89500.0,299.7729,200.4672,17.5154,5.3828,8.9786,16.8047,4416.4358,52.3278,2101.2155,3587.2926,8.0847,39.8705,44.9058,15.4558,1740.2689,18.6878,4.223,63.6919,17.5154,1525.4848,36.788,10.067,136.6634,1.6465,0.3845,1.0,3.5519,4.1123,56.3551,283.8936,3.6075,7969.4425,3.64,4.2932,99.3683,78.7889,1445.0345,3.75,8.548,14.4252,511.2849,9.5685,1.2744,0.7324,22.4264,22426.3818,571.5878,37.4483,4654.2954,20.8274,13074.2195,17.5154,32.4145,9.8343,3.4989,2.8825,2.3659,39.8495,6.7782,1.5216,28.8359,2633.1707,41.7252,3586.2758,39.6663,12606.5006,110.5569,26086.3314,118.8663,2.6754,557.6287,2.7,1.79,0.7253,557.6287,101.4441,242.2549,17.515,24.1397,26.9561
2025-07-05 00:00:02,1751673602,1,3.6725,69.9344,83.0706,384.1504,1.79,919.7812,1239.83,1.526,1.79,1.7003,1.6607,2.0,122.619,1.6608,0.376,2983.5013,1.0,1.2742,6.9227,5.4115,1.0,85.4865,13.2806,3.0614,2.0,1.3601,2883.3024,0.7941,929.0746,7.1672,4012.2376,504.9295,24.0,93.624,20.9225,177.721,6.3348,59.5864,129.5615,49.3525,15.0,136.5893,0.8491,2.2404,0.7328,6.3348,0.7328,2.7182,0.7328,10.8379,0.7328,72.7313,8681.1006,7.6877,209.1577,7.8499,26.1279,6.3974,130.9896,338.8298,16198.4917,3.3393,0.7328,85.4866,1308.5396,42190.5168,120.9376,0.7328,159.658,0.709,144.5043,129.1905,87.3418,4011.6198,1.526,417.7206,1362.3591,0.3052,0.8333,519.7628,21635.0603,89500.0,299.7981,200.4451,17.5956,5.3828,8.9847,16.8123,4404.1436,52.3061,2101.0272,3586.2942,8.0854,39.8708,44.9729,15.4548,1744.2651,18.6378,4.2221,63.6745,17.5956,1526.964,36.7866,10.0726,136.7784,1.6507,0.3845,1.0,3.5504,4.1167,56.4468,284.0681,3.605,7980.8914,3.64,4.2965,99.4603,78.7051,1449.1817,3.75,8.5518,14.307,510.2072,9.559,1.2742,0.7328,22.4264,22426.3818,571.5955,37.4474,4687.2558,20.8025,13100.7815,17.5956,32.3764,9.8297,3.4995,2.8621,2.3617,39.8693,6.7772,1.526,28.8675,2619.5717,41.7432,3587.7953,39.7408,12622.1056,111.4186,25995.5588,118.8719,2.6832,556.9608,2.7,1.79,0.7268,556.9608,101.3226,242.1851,17.5957,24.1711,26.891
2025-07-06 00:00:01,1751760001,1,3.6725,69.9336,83.0711,384.158,1.79,918.308,1239.83,1.5257,1.79,1.7003,1.6608,2.0,122.5925,1.6608,0.376,2983.6491,1.0,1.2742,6.9226,5.4112,1.0,85.4695,13.2783,3.0731,2.0,1.36,2880.157,0.7941,929.0936,7.168,4011.9031,504.9353,24.0,93.6303,20.9214,177.721,6.335,59.5879,129.5673,49.3542,15.0,136.3341,0.8491,2.2401,0.7327,6.335,0.7327,2.7182,0.7327,10.8098,0.7327,72.7309,8682.0008,7.6878,209.1605,7.85,26.1283,6.3978,131.025,338.8531,16196.7437,3.3394,0.7327,85.4695,1308.5407,42219.6967,120.9407,0.7327,159.676,0.709,144.4999,129.1599,87.3444,4011.6255,1.5257,417.7492,1362.6154,0.3052,0.8333,519.7062,21634.3617,89500.0,299.8006,200.447,17.5921,5.3829,8.9841,16.8088,4404.1152,52.3978,2101.0726,3586.1304,8.0855,39.8712,44.9632,15.455,1743.5811,18.6454,4.2224,63.6005,17.5921,1527.1488,36.787,10.0733,136.7511,1.6506,0.3845,1.0,3.5522,4.1165,56.4329,284.1464,3.605,7980.8417,3.64,4.2966,99.452,78.7232,1448.4933,3.75,8.5517,14.3266,508.5746,9.559,1.2742,0.7327,22.4264,22426.3818,571.6071,37.446,4683.2869,20.8039,13101.7011,17.5921,32.3735,9.8293,3.4996,2.8632,2.3618,39.8728,6.7773,1.5257,28.879,2618.124,41.7432,3587.6375,39.7413,12624.4283,111.4186,26043.6367,118.8683,2.6824,556.9989,2.7,1.79,0.7268,556.9989,101.3295,242.1901,17.5921,24.1665,26.891
2025-07-07 00:00:02,1751846402,1,3.6725,69.9721,83.1823,384.3705,1.79,920.082,1239.83,1.5263,1.79,1.7004,1.6608,2.0,122.6666,1.6608,0.376,2988.1766,1.0,1.2741,6.9138,5.4194,1.0,85.5308,13.2563,3.2484,2.0,1.3604,2897.1028,0.7942,929.001,7.1674,3997.9663,505.1137,24.0,93.6299,20.925,177.721,6.3348,59.787,129.5677,49.3489,15.0,137.7824,0.8492,2.2394,0.7326,6.3347,0.7327,2.7173,0.7326,10.4589,0.7326,72.7323,8703.2839,7.6902,209.246,7.8501,26.1413,6.3978,130.8672,338.4837,16197.308,3.3444,0.7326,85.543,1308.5757,43074.1848,120.929,0.7326,159.9057,0.709,144.5079,129.1782,87.4208,4011.8017,1.526,417.7473,1362.141,0.3052,0.8333,519.5947,21672.4505,89500.0,299.8072,200.5453,17.5931,5.3858,8.9779,16.8514,4459.3292,52.379,2101.1463,3589.0004,8.0854,39.702,44.8167,15.4525,1735.0362,18.6202,4.2212,63.7902,17.5931,1530.9219,36.8111,10.0669,136.8493,1.6522,0.3845,1.0,3.5592,4.1158,56.4592,284.1327,3.6032,7995.1595,3.64,4.2976,99.504,78.7679,1440.5635,3.75,8.5583,14.4195,458.5487,9.5624,1.2743,0.7326,22.4264,22426.3818,571.9633,37.2296,4663.5315,20.8038,13092.8809,17.5931,32.3656,9.8274,3.4994,2.8676,2.3662,39.9447,6.7838,1.526,28.8459,2625.567,41.7457,3587.035,40.1139,12676.4625,111.4186,26055.4896,118.8388,2.5919,556.9964,2.7,1.79,0.7268,556.9964,101.329,242.2512,17.5951,24.2088,26.891
2025-07-08 00:00:01,1751932801,1,3.6725,69.8812,83.3612,384.2983,1.79,918.608,1257.92,1.5376,1.79,1.7005,1.6671,2.0,122.3723,1.6672,0.376,2989.5145,1.0,1.2795,6.919,5.4466,1.0,85.8646,13.317,3.1476,2.0,1.3662,2882.0655,0.7975,930.5739,7.1737,3999.0352,505.1771,24.0,93.9868,21.0052,177.721,6.3579,59.862,129.7585,49.6619,15.0,136.9575,0.8523,2.2429,0.7344,6.3587,0.7343,2.7173,0.7344,10.7715,0.7344,72.7382,8690.9745,7.6903,209.1821,7.8499,26.1372,6.4222,130.8285,340.788,16253.6119,3.3473,0.7344,85.8681,1308.9882,42427.8545,121.4792,0.7344,159.745,0.709,145.8438,129.2446,87.364,4013.0726,1.5379,419.3396,1371.114,0.3053,0.8333,519.5546,21628.4511,89500.0,300.4034,200.5964,17.8108,5.3859,9.0015,16.8194,4408.9408,52.3607,2101.7022,3614.638,8.0854,39.8882,44.9133,15.4432,1742.9672,18.6705,4.2361,63.6284,17.8108,1530.5498,36.8113,10.1162,137.3834,1.6654,0.3845,1.0,3.5551,4.1914,56.6734,283.8265,3.623,7976.336,3.64,4.3155,99.8275,78.702,1448.198,3.75,8.56,14.4373,454.24,9.5139,1.2794,0.7344,22.4264,22426.3818,571.1516,37.4411,4540.3912,20.8831,12904.1962,17.8108,32.5858,10.3918,3.4999,2.891,2.3635,40.018,6.784,1.5379,28.9907,2625.243,41.8267,3592.7164,40.1521,12685.2665,112.1278,26064.9916,118.6836,2.7173,559.1195,2.7,1.79,0.7286,559.1195,101.7153,242.2155,17.8146,24.2191,26.8827
2025-07-09 00:00:01,1752019201,1,3.6725,69.7825,83.4593,384.2294,1.79,918.6383,1258.0,1.5318,1.79,1.7017,1.6677,2.0,122.1126,1.6679,0.376,2964.5418,1.0,1.2795,6.9256,5.4579,1.0,85.7535,13.37,3.1509,2.0,1.3667,2884.1884,0.7966,942.8653,7.1799,4054.3092,505.8969,24.0,94.0225,21.0081,177.721,6.3617,60.0123,129.7525,49.6779,15.0,137.0614,0.8528,2.241,0.7359,6.3617,0.736,2.7168,0.7359,10.7992,0.7359,72.7491,8692.5032,7.6938,209.2556,7.8504,26.1848,6.4246,131.1278,341.0476,16262.0763,3.3538,0.7359,85.7492,1309.4281,42434.5643,121.5734,0.7359,159.8641,0.709,146.6522,129.1582,87.0231,4014.4278,1.5317,419.499,1369.6263,0.3056,0.8333,519.4612,21640.3172,89500.0,300.6552,200.7051,17.7894,5.3954,9.0055,16.8599,4410.6735,52.5978,2103.9747,3604.9953,8.0859,39.7998,45.0348,15.4577,1743.3634,18.6361,4.2409,63.6721,17.7894,1529.5866,36.8376,10.0961,137.2055,1.6672,0.3845,1.0,3.5617,4.1799,56.5209,284.4462,3.62,7985.5637,3.64,4.3222,99.9907,78.4109,1447.0642,3.75,8.2823,14.7305,449.5709,9.527,1.2797,0.7359,22.4264,22426.3818,571.3426,37.2971,4540.6543,20.8911,12916.8154,17.7894,32.5702,10.3993,3.5,2.8947,2.3803,40.0545,6.7702,1.5317,29.0382,2616.1818,41.8799,3573.3223,40.1659,12712.3073,112.8285,26052.5387,118.9772,2.7314,559.332,2.7,1.79,0.728,559.332,101.7539,242.5106,17.7901,24.2236,26.8879
2025-07-10 00:00:02,1752105602,1,3.6725,69.183,83.6627,384.0411,1.79,919.5729,1258.0,1.5308,1.79,1.7009,1.6692,2.0,121.9651,1.6695,0.376,2973.9404,1.0,1.2806,6.9236,5.4611,1.0,85.7263,13.3723,3.1897,2.0,1.3689,2893.4569,0.7949,941.3841,7.1829,4055.0149,504.9842,24.0,94.1037,21.0377,177.721,6.3659,59.98,129.788,49.6182,15.0,137.5551,0.8534,2.2503,0.736,6.3662,0.736,2.7167,0.736,10.6314,0.736,72.7396,8682.7498,7.6885,209.1568,7.8502,26.1719,6.4302,131.1349,341.4745,16263.743,3.3221,0.736,85.7264,1310.1476,42334.5188,122.5678,0.736,159.8444,0.709,146.3636,129.335,87.4003,4015.4022,1.5307,419.861,1374.4016,0.3055,0.8333,518.843,21597.6295,89500.0,300.7053,200.4718,17.8114,5.4022,9.0078,16.9167,4415.7536,52.5961,2102.3891,3608.1854,8.0857,39.931,45.197,15.4601,1739.7796,18.613,4.2509,63.6983,17.8114,1530.3732,36.8156,10.0909,137.162,1.6674,0.3845,1.0,3.5503,4.18,56.5894,284.0285,3.6221,7840.5387,3.64,4.338,100.0988,78.2208,1446.6251,3.75,8.2609,14.5686,544.224,9.5152,1.2804,0.736,22.4531,22453.1339,571.5225,37.3735,4533.1783,20.9091,12956.374,17.8114,32.6627,9.7,3.4991,2.8957,2.377,40.0827,6.7793,1.5307,29.1281,2613.0382,41.8051,3577.5163,40.4847,12692.9291,113.7505,26081.2173,119.3634,2.733,559.8146,2.7,1.79,0.7294,559.8146,101.8417,242.1688,17.8128,24.4336,26.8905
